rental_id,rent,bedrooms,bathrooms,size_sqft,floor,building_age_yrs,has_elevator,has_gym,neighborhood,borough
1545,2550,0,1,480,2,17,1,1,Upper East Side,Manhattan
2472,11500,2,2,2000,1,96,0,0,Greenwich Village,Manhattan
2919,4500,1,1,916,51,29,1,0,Midtown,Manhattan
2790,4795,1,1,975,8,31,1,1,Greenwich Village,Manhattan
3946,17500,2,2,4800,4,136,1,1,Soho,Manhattan
10817,3800,3,2,1100,5,101,0,0,Central Harlem,Manhattan
9077,1995,0,0,600,1,115,0,0,Midtown East,Manhattan
5150,2995,0,1,579,21,33,0,0,Battery Park City,Manhattan
9507,15000,2,2,1715,30,2,0,0,Flatiron,Manhattan
1437,4650,1,1,915,5,106,0,0,Upper East Side,Manhattan
404,2950,1,1,550,17,14,1,0,Upper East Side,Manhattan
8293,6920,3,2,1439,9,39,0,0,Midtown East,Manhattan
6594,4875,1,1,900,14,52,1,1,East Village,Manhattan
2964,4850,1,1,789,40,11,0,0,Midtown West,Manhattan
5405,3700,1,1,947,5,85,1,0,Upper East Side,Manhattan
5635,4200,2,1,900,8,111,0,0,Upper West Side,Manhattan
5832,2195,1,1,500,3,106,0,0,Lower East Side,Manhattan
7050,4200,1,1,640,15,52,0,0,Tribeca,Manhattan
476,9000,2,2,1749,15,10,0,0,Midtown East,Manhattan
3491,4950,1,1,870,9,11,0,0,Midtown,Manhattan
2172,3000,0.5,1,573,8,31,1,0,Upper East Side,Manhattan
2443,2450,1,1,700,2,106,0,0,Central Harlem,Manhattan
11328,1950,0,1,400,3,56,0,0,Gramercy Park,Manhattan
6142,3375,1,1,652,12,15,0,0,Upper West Side,Manhattan
6216,2395,2.5,1,1000,1,106,0,0,East Harlem,Manhattan
9535,4990,1,1,823,22,44,0,0,Midtown East,Manhattan
4678,7495,2,2,1431,4,10,1,1,Upper West Side,Manhattan
5169,10000,1,2,1600,3,5,1,0,Tribeca,Manhattan
5230,3090,2,1,800,3,106,0,0,East Village,Manhattan
1710,10904,3,3,1307,26,6,0,0,Upper West Side,Manhattan
11111,2100,0,1,410,3,106,0,0,Midtown West,Manhattan
10393,2499,0,1,400,3,116,1,1,Upper West Side,Manhattan
9177,3650,2,1,763,30,27,1,1,Midtown East,Manhattan
9536,3800,2,1,900,6,116,0,0,Lower East Side,Manhattan
133,9800,2,2,1270,7,6,1,0,Gramercy Park,Manhattan
4687,4350,1,1,783,6,29,1,0,West Village,Manhattan
4557,2495,2,1,800,4,96,0,0,Upper East Side,Manhattan
403,3625,1,1,650,19,14,0,0,Upper East Side,Manhattan
899,9000,2,2,1250,46,9,0,0,Midtown West,Manhattan
4733,5800,2,2,1200,6,75,1,0,Central Park South,Manhattan
2154,3295,1,1,465,2,29,1,0,West Village,Manhattan
1348,2200,0,1,325,24,87,1,0,Midtown East,Manhattan
10158,5485,2,1,1028,24,39,0,0,Midtown East,Manhattan
668,2950,0,1,765,4,29,1,1,Upper West Side,Manhattan
4268,2750,1,1,600,12,57,0,0,Midtown East,Manhattan
10716,8200,2,2,1431,8,7,0,0,Chelsea,Manhattan
6366,2000,2,1,750,1,106,0,0,Central Harlem,Manhattan
9899,4995,3,1,1100,2,13,1,1,Financial District,Manhattan
8005,1875,2,1,900,4,91,0,0,Inwood,Manhattan
8976,3900,1,1,750,6,106,0,0,Gramercy Park,Manhattan
3637,2400,0,1,500,1,106,0,0,Upper East Side,Manhattan
9019,5325,1,1,697,36,13,0,0,Flatiron,Manhattan
5275,3500,0,1,525,6,105,1,1,Midtown South,Manhattan
5877,3900,1,1,643,10,2,0,0,Midtown East,Manhattan
1694,3375,2,1,800,2,106,0,0,Upper West Side,Manhattan
7995,6400,2,2,1094,8,9,0,0,Upper East Side,Manhattan
11213,12500,2,2,2082,2,101,0,0,Tribeca,Manhattan
2156,2595,0,1,285,10,86,0,0,Midtown West,Manhattan
1115,2199,2,1,900,3,106,0,0,East Harlem,Manhattan
1886,2430,0,1,330,7,89,0,0,Upper West Side,Manhattan
1001,10000,2,2,1318,15,30,0,0,Upper West Side,Manhattan
5402,6400,3,2,1100,3,13,1,0,Lower East Side,Manhattan
3482,5895,2,2,1250,25,112,0,0,Financial District,Manhattan
6128,2600,0,1,490,10,15,0,0,Upper West Side,Manhattan
3736,4700,1,1,500,3,116,0,0,Soho,Manhattan
2309,6000,2,2,1428,15,88,1,1,Upper West Side,Manhattan
1148,4995,2,1,866,5,25,0,0,Upper East Side,Manhattan
8320,3388,0,1,825,4,47,0,0,Financial District,Manhattan
5736,3483,1,1,735,4,87,0,0,Midtown East,Manhattan
1904,2900,2,1,1250,2,96,0,0,Washington Heights,Manhattan
2376,4600,1,1,890,8,10,1,0,Midtown East,Manhattan
10520,1695,1,1,750,4,87,0,0,Central Harlem,Manhattan
7224,2700,0,1,542,22,28,1,0,Midtown East,Manhattan
1380,11750,4,3,3100,11,111,0,0,Midtown,Manhattan
6843,5080,1,1,850,26,42,0,0,Upper West Side,Manhattan
1554,4890,1,1,815,7,8,1,0,Upper West Side,Manhattan
6566,3800,1,1,750,21,9,1,1,Midtown West,Manhattan
3068,5200,3,2,2000,4,106,0,0,Central Harlem,Manhattan
3515,2800,0,1,450,5,43,0,0,Financial District,Manhattan
1645,6000,2,2,1200,4,105,0,0,Midtown West,Manhattan
2704,2100,0,1,400,2,101,0,0,Upper West Side,Manhattan
3187,2300,1,1,500,3,96,0,0,Chinatown,Manhattan
6882,16750,3,3,2850,27,102,0,0,Financial District,Manhattan
5974,6400,2,1,1151,7,87,0,0,Upper East Side,Manhattan
8071,5595,2,2,1170,28,85,1,1,Financial District,Manhattan
6519,2800,0,1,466,4,10,1,0,Upper West Side,Manhattan
9663,3219,0,1,533,17,47,0,0,Financial District,Manhattan
1239,8500,2,2,1244,6,9,1,0,Soho,Manhattan
2295,10000,2,2,1508,7,89,0,0,Upper East Side,Manhattan
3466,3775,1,1,600,2,56,0,0,Upper East Side,Manhattan
11163,4350,1,1,880,14,16,0,0,Upper West Side,Manhattan
5852,3995,1,1,899,14,112,0,0,Financial District,Manhattan
3458,4995,2,2,1153,16,9,0,0,Roosevelt Island,Manhattan
4076,7195,5,2,2430,5,96,0,0,Upper West Side,Manhattan
500,7600,2,2,1500,9,2,0,0,Tribeca,Manhattan
960,2995,1,1,350,5,116,0,0,West Village,Manhattan
6080,4490,1,1,620,29,16,0,0,Chelsea,Manhattan
7072,3450,3,2,1800,5,101,0,0,Washington Heights,Manhattan
8996,3800,1,1,700,19,9,1,1,Midtown West,Manhattan
11177,14662,4,3,1732,10,113,0,0,Upper West Side,Manhattan
2894,2575,0,1,490,8,15,0,0,Upper West Side,Manhattan
10706,3750,1,1,700,5,90,0,0,Greenwich Village,Manhattan
8378,6695,2,2,1033,17,30,0,0,Flatiron,Manhattan
3842,5500,1,1,1165,22,37,0,0,Upper East Side,Manhattan
7418,5475,1,1,1094,38,30,1,1,Midtown,Manhattan
10549,4910,2,2,933,10,16,0,0,Midtown West,Manhattan
10485,5150,1,1,695,18,52,0,0,Tribeca,Manhattan
2474,4950,1,1,1115,2,37,0,0,Upper East Side,Manhattan
6356,5225,1,1,770,11,52,0,0,Tribeca,Manhattan
7024,13750,3,3,1920,8,8,0,0,Upper West Side,Manhattan
292,4500,1,1,755,43,6,0,0,Midtown South,Manhattan
5416,2200,1,1,675,4,88,0,0,Washington Heights,Manhattan
7667,4000,1,1,840,40,30,0,0,Upper East Side,Manhattan
7220,4300,0,1,559,24,11,0,0,Flatiron,Manhattan
428,2750,1,1,730,3,9,0,0,East Harlem,Manhattan
5671,5120,2,2,1003,7,16,0,0,Midtown West,Manhattan
2409,5895,2,2,1200,18,13,0,0,Financial District,Manhattan
1935,11723,3,2,1540,8,89,0,0,Upper West Side,Manhattan
6553,4270,1,1,630,12,13,0,0,Lower East Side,Manhattan
4977,2995,0,1,548,11,13,0,0,Financial District,Manhattan
7800,2150,1,1,687,2,96,0,0,Hamilton Heights,Manhattan
1122,3500,1,1,651,34,37,0,0,Midtown East,Manhattan
7889,2150,1,1,650,2,115,1,1,Midtown West,Manhattan
7731,2350,0,1,400,16,30,1,1,Midtown East,Manhattan
9184,4499,2,1,837,14,37,1,1,Midtown East,Manhattan
8612,3815,1,1,665,23,16,0,0,Midtown East,Manhattan
2008,3200,2,1,850,3,60,1,1,Midtown East,Manhattan
11007,1625,1,1,560,2,96,0,0,Washington Heights,Manhattan
3874,3500,1,1,722,32,32,0,0,Midtown East,Manhattan
9498,3495,1,1,686,34,29,0,0,Midtown West,Manhattan
5886,2025,0,1,350,4,90,0,0,Upper West Side,Manhattan
1334,2700,3,1,750,1,112,0,0,Washington Heights,Manhattan
5095,3550,1,1,748,9,10,0,0,Upper West Side,Manhattan
3698,6000,1,1,1500,2,151,0,0,Tribeca,Manhattan
2940,4750,2,2,917,4,15,0,0,Upper West Side,Manhattan
1751,2800,0,1,520,24,9,1,0,Midtown West,Manhattan
5128,5000,1,1,707,5,8,1,0,Chelsea,Manhattan
4967,3500,2,2,1050,4,96,0,0,Central Harlem,Manhattan
3137,6800,2,2,1295,34,15,0,0,Upper East Side,Manhattan
5939,2775,0,1,500,22,30,0,0,Midtown,Manhattan
3037,7900,2,2,1160,9,75,0,0,Central Park South,Manhattan
4290,3995,1,1,800,5,27,1,0,Upper West Side,Manhattan
11237,9950,1,2,2050,4,52,0,0,Tribeca,Manhattan
1510,3400,1,1,800,3,16,0,0,Upper West Side,Manhattan
1225,3300,1,1,725,5,91,1,0,Upper West Side,Manhattan
9369,11000,2,2,3000,2,116,1,0,Soho,Manhattan
3095,3250,2,1,850,3,116,0,0,Upper West Side,Manhattan
10058,5700,2,2,1176,2,7,0,0,Chelsea,Manhattan
1861,7246,2,2,1080,10,89,0,0,Upper West Side,Manhattan
1034,5688,2,2,1260,7,39,0,0,Upper East Side,Manhattan
2450,6350,1,2,1352,2,126,0,0,Tribeca,Manhattan
6690,2800,0,1,351,2,29,0,0,Midtown West,Manhattan
583,5740,1,1,761,15,6,0,0,Upper West Side,Manhattan
4717,3500,2,2,1031,6,13,0,0,Central Harlem,Manhattan
11262,12500,3,3,2500,6,96,0,0,Midtown West,Manhattan
6266,2695,0,1,625,7,8,0,0,Midtown West,Manhattan
7236,2895,0,1,506,18,41,1,0,Upper East Side,Manhattan
4725,16500,2,2,1895,4,1,0,0,Chelsea,Manhattan
4937,5000,1,1,764,20,38,0,0,Midtown West,Manhattan
574,6600,2,2,1100,12,92,0,0,Upper West Side,Manhattan
7665,3490,2,2,800,4,106,0,0,Gramercy Park,Manhattan
10770,4800,2,2,1000,8,96,1,0,Midtown South,Manhattan
3136,4050,1,1,805,20,15,0,0,Upper East Side,Manhattan
750,5850,1,1,752,33,6,0,0,Chelsea,Manhattan
7782,2300,1,1,650,3,76,0,0,Upper West Side,Manhattan
2660,3275,0,1,480,9,86,0,0,Chelsea,Manhattan
4674,4095,1,1,713,9,19,0,0,Upper East Side,Manhattan
3595,2995,2,1,800,2,106,0,0,Midtown West,Manhattan
5881,5900,2,2,1076,11,30,0,0,Upper East Side,Manhattan
10368,3920,1,1,718,4,16,1,1,Chelsea,Manhattan
76,4795,1,1,707,10,16,1,1,Upper West Side,Manhattan
8862,3800,1,1,600,14,9,0,0,Financial District,Manhattan
3978,12500,3,3,1833,14,2,0,0,Midtown East,Manhattan
17,5000,1,1,805,4,9,1,1,Flatiron,Manhattan
4630,4365,0,1,619,37,6,0,0,Chelsea,Manhattan
10804,3950,1,1,899,3,112,0,0,Financial District,Manhattan
5030,4000,1,1,740,17,14,0,0,Midtown South,Manhattan
3200,3905,1,1,809,26,39,0,0,Upper East Side,Manhattan
461,4000,1,1,700,4,62,1,0,West Village,Manhattan
874,2750,0,1,475,5,25,1,1,Upper West Side,Manhattan
9903,3631,1,1,707,1,71,0,0,Stuyvesant Town/PCV,Manhattan
9566,2095,0,1,410,2,106,1,0,Midtown West,Manhattan
7532,7995,2,2,852,6,106,0,0,Soho,Manhattan
8562,2995,0,1,579,2,55,1,1,Upper West Side,Manhattan
137,18450,2,2,830,7,29,1,1,Upper East Side,Manhattan
919,4250,1,1,800,46,9,0,0,Midtown West,Manhattan
4111,4995,1,1,972,10,6,0,0,Gramercy Park,Manhattan
10528,4200,0,1,530,17,90,1,0,Chelsea,Manhattan
210,4300,1,1,700,9,37,1,0,Upper West Side,Manhattan
1543,14000,2,2,2000,55,33,1,0,Midtown,Manhattan
1432,8250,2,2,1406,3,11,1,1,Soho,Manhattan
2069,3950,1,1,750,2,106,1,0,Chelsea,Manhattan
10349,5995,1,2,1815,1,96,1,1,Financial District,Manhattan
9154,4785,1,1,823,17,44,0,0,Midtown East,Manhattan
6221,4800,2,2,1150,35,27,1,1,Midtown East,Manhattan
3610,3595,1,1,620,9,31,0,0,Upper East Side,Manhattan
6352,4500,2,2,1041,6,27,1,0,Midtown East,Manhattan
3560,5415,1,1,767,29,8,0,0,Midtown South,Manhattan
2524,5500,1,1,1145,2,11,1,1,Soho,Manhattan
6158,3700,2,1,850,4,53,0,0,Upper East Side,Manhattan
7122,1700,1,1,400,3,5,0,0,East Harlem,Manhattan
5981,2799,0,1,750,3,96,0,0,Upper East Side,Manhattan
1704,9300,3,3,1800,12,100,0,0,Upper West Side,Manhattan
4626,4990,1,1,643,32,6,0,0,Chelsea,Manhattan
7027,7795,3,2,1266,5,43,0,0,Chelsea,Manhattan
4317,6000,2,2,900,26,31,0,0,Flatiron,Manhattan
8711,2450,0,1,450,10,93,0,0,Midtown East,Manhattan
2710,7000,4,3,2200,16,57,0,0,Midtown East,Manhattan
6035,3250,0,1,570,3,86,0,0,Midtown West,Manhattan
3332,5495,1,1,860,19,30,0,0,Flatiron,Manhattan
3828,4050,1,1,834,6,58,1,0,Midtown East,Manhattan
10031,3900,1,1,720,8,7,0,0,Tribeca,Manhattan
8229,3195,1,1,574,11,99,1,1,Upper West Side,Manhattan
7471,3000,1,1,496,4,28,0,0,Midtown West,Manhattan
9496,3700,1,1,642,32,29,0,0,Midtown West,Manhattan
6312,7950,2,2,1280,45,38,0,0,Midtown West,Manhattan
7680,2995,1,1,610,19,29,1,0,Battery Park City,Manhattan
6727,2600,0,1,437,3,8,0,0,Midtown West,Manhattan
247,2095,0,1,410,2,106,1,0,Midtown West,Manhattan
9660,5668,2,2,1022,21,47,0,0,Financial District,Manhattan
118,7995,3,2,1518,4,31,1,0,Battery Park City,Manhattan
2147,3190,1,1,650,1,106,0,0,East Village,Manhattan
2896,2300,1,1,400,2,106,0,0,East Village,Manhattan
479,4950,2,2,917,9,15,0,0,Upper West Side,Manhattan
1465,3100,1,1,475,2,116,0,0,West Village,Manhattan
5799,6400,3,2,1300,4,17,1,1,Chelsea,Manhattan
8705,3950,1,1,800,10,8,0,0,Financial District,Manhattan
3291,4400,1,1,500,2,106,0,0,Soho,Manhattan
2466,6450,2,2,1025,3,2,0,0,Gramercy Park,Manhattan
5009,3100,1,1,757,18,19,0,0,Upper West Side,Manhattan
10181,7700,2,2,1175,36,6,0,0,Financial District,Manhattan
8548,18250,4,4,2700,4,85,1,1,Upper West Side,Manhattan
78,13500,3,3,1868,32,8,0,0,Upper West Side,Manhattan
8656,5780,3,2,1300,12,38,0,0,Midtown West,Manhattan
1732,6800,2,2,1280,35,11,1,1,Midtown South,Manhattan
1583,3300,2,1,750,3,96,0,0,Upper East Side,Manhattan
3664,5500,2,1,1000,5,101,0,0,Tribeca,Manhattan
4534,1750,2,1,500,1,100,0,0,Washington Heights,Manhattan
3314,8500,2,2,1478,54,15,0,0,Midtown East,Manhattan
2272,2650,0,1,482,30,28,0,0,Midtown East,Manhattan
4594,3700,1,1,763,6,31,1,1,Battery Park City,Manhattan
6371,6000,1,1,923,34,51,0,0,Greenwich Village,Manhattan
3901,5145,2,2,1038,17,39,0,0,Upper East Side,Manhattan
146,2600,1,1,525,5,115,0,0,Midtown,Manhattan
8023,1600,0,1,550,3,106,0,0,Central Harlem,Manhattan
2584,3058,0,1,533,19,47,0,0,Financial District,Manhattan
5653,4475,0,1,583,12,10,1,1,Chelsea,Manhattan
1827,4950,1,1,927,32,29,1,0,Financial District,Manhattan
10940,3932,1,1,678,9,47,0,0,Financial District,Manhattan
1511,3000,1,1,730,7,53,0,0,Midtown,Manhattan
1767,5150,3,1,910,31,86,0,0,Midtown West,Manhattan
6093,3450,1,1,750,7,96,0,0,Midtown South,Manhattan
6174,2250,2,1,750,4,102,0,0,Hamilton Heights,Manhattan
3366,4260,2,1,958,30,27,0,0,Midtown East,Manhattan
5068,4375,1,1,668,23,16,0,0,Flatiron,Manhattan
1306,10995,3,3,1800,30,9,0,0,Upper West Side,Manhattan
2468,2900,1,1,600,16,27,1,1,Midtown East,Manhattan
1102,4200,1,1,690,6,6,0,0,Gramercy Park,Manhattan
3751,7500,3,2,1425,6,54,0,0,Upper East Side,Manhattan
3289,3665,1,1,674,8,47,0,0,Financial District,Manhattan
54,3800,3,2,1100,6,96,0,0,Upper West Side,Manhattan
10552,2995,1,1,800,1,66,0,0,Midtown East,Manhattan
2361,3935,1,1,752,4,14,0,0,Upper West Side,Manhattan
5077,2495,0.5,1,500,4,96,1,1,Midtown East,Manhattan
1128,3400,1,1,636,5,31,0,0,Upper West Side,Manhattan
4672,5535,2,2,971,25,16,1,1,Midtown East,Manhattan
2593,3600,1,1,643,13,8,0,0,Midtown South,Manhattan
4496,5440,2,2,1120,14,30,0,0,Upper West Side,Manhattan
6774,1950,0,1,400,7,75,0,0,Upper East Side,Manhattan
1019,4100,1,1,600,24,6,0,0,Upper West Side,Manhattan
532,2200,0,1,275,3,116,0,0,Gramercy Park,Manhattan
3307,7000,2.5,2,1367,20,29,1,1,Financial District,Manhattan
10327,4695,2,2,1033,2,108,0,0,Financial District,Manhattan
4966,5300,1,1,855,11,8,1,0,Flatiron,Manhattan
4184,7900,2,2,1025,5,2,0,0,Gramercy Park,Manhattan
866,3600,1,1,648,4,2,0,0,Gramercy Park,Manhattan
3240,1950,2,1,900,5,91,0,0,Inwood,Manhattan
10276,7500,2,2,1600,3,116,0,0,Soho,Manhattan
4125,5150,1,1,719,6,9,1,1,Upper West Side,Manhattan
4000,4730,2,2,829,21,15,0,0,Financial District,Manhattan
8349,1460,0,1,305,3,57,0,0,Central Harlem,Manhattan
3343,5300,1,2,1141,5,113,0,0,Gramercy Park,Manhattan
3034,9995,3,3,1947,8,90,0,0,Midtown,Manhattan
8905,3950,1,1,679,6,29,0,0,Tribeca,Manhattan
4832,2685,1,1,550,10,53,1,0,Midtown East,Manhattan
7751,2695,1,1,700,5,106,1,1,Upper West Side,Manhattan
2685,3500,1,1,625,19,42,1,1,Upper East Side,Manhattan
9348,4000,2,1,1024,16,51,0,0,Upper West Side,Manhattan
3607,14000,2,2,2556,2,132,0,0,Soho,Manhattan
9474,9950,1,1,1238,2,3,0,0,West Village,Manhattan
9608,3675,1,1,900,4,55,0,0,Upper East Side,Manhattan
5006,7250,2,2,1150,3,25,1,0,Upper West Side,Manhattan
876,3425,0,1,465,8,17,0,0,Flatiron,Manhattan
10531,2125,0.5,1,500,6,86,0,0,Midtown East,Manhattan
11182,4200,1,1,800,5,106,1,1,Flatiron,Manhattan
684,2999,1,1,600,16,65,0,0,Midtown,Manhattan
3089,5100,1,1,720,11,115,1,1,Upper East Side,Manhattan
2324,5256,2,2,979,30,13,0,0,Midtown,Manhattan
5536,3688,0,1,766,17,47,0,0,Financial District,Manhattan
5689,2595,1,1,650,4,106,0,0,Upper West Side,Manhattan
7820,3850,1,1,800,16,34,1,1,Midtown East,Manhattan
9900,4000,1,1,687,16,31,1,0,Battery Park City,Manhattan
11344,3290,1,1,750,10,89,0,0,Midtown,Manhattan
7100,2100,1,1,650,5,88,0,0,Washington Heights,Manhattan
4726,5200,4,2,1000,2,116,0,0,Upper West Side,Manhattan
9810,10000,2,2,1350,53,38,0,0,Midtown West,Manhattan
7062,6300,2,2,1260,5,46,0,0,Upper East Side,Manhattan
5347,4870,2,2,972,8,28,0,0,Upper West Side,Manhattan
5685,4500,1,2,890,3,106,0,0,Gramercy Park,Manhattan
4128,6000,1,1,801,1,3,0,0,East Village,Manhattan
9612,2500,2,1,800,4,96,0,0,Upper East Side,Manhattan
7158,14500,4,5,2700,30,18,1,1,Upper East Side,Manhattan
7215,4000,1,1,555,4,8,0,0,Chelsea,Manhattan
4016,2150,1,1,669,2,4,0,0,Hamilton Heights,Manhattan
2916,12000,2,2,1828,7,76,0,0,Upper East Side,Manhattan
4295,2300,0,1,425,12,28,0,0,Midtown West,Manhattan
3097,10780,3,2,1608,12,5,0,0,Battery Park City,Manhattan
9843,1650,1,1,585,4,96,0,0,Washington Heights,Manhattan
1224,5350,1,1,900,15,51,1,0,Greenwich Village,Manhattan
9377,4495,2,2,951,20,32,1,1,Midtown East,Manhattan
363,14500,2,2,1400,3,98,0,0,Upper West Side,Manhattan
9444,3800,2,2,1100,10,12,0,0,Lower East Side,Manhattan
251,1800,1,1,670,1,116,1,1,East Harlem,Manhattan
10425,2450,0,1,400,3,116,0,0,Upper West Side,Manhattan
2298,6000,1,1,1000,2,116,1,0,Soho,Manhattan
1036,2750,2,1,750,3,116,0,0,Upper East Side,Manhattan
8108,5050,1,1,985,39,37,0,0,Upper East Side,Manhattan
5596,2200,1,1,550,2,108,0,0,Hamilton Heights,Manhattan
3536,3085,0,1,506,10,44,0,0,Midtown East,Manhattan
4115,3650,0,1,517,2,2,0,0,Gramercy Park,Manhattan
9482,3800,1,1,710,31,37,1,0,Midtown East,Manhattan
7926,3500,0,1,585,3,17,0,0,Flatiron,Manhattan
2526,10500,4,2,1900,9,84,0,0,Upper West Side,Manhattan
3306,7999,4,2,1825,11,91,0,0,Upper West Side,Manhattan
5936,4185,1,1,884,42,27,1,0,Midtown East,Manhattan
3524,3350,0,1,400,25,26,0,0,Midtown East,Manhattan
7950,2850,3,1,850,5,96,0,0,Central Harlem,Manhattan
10624,3323,3,1,1400,3,96,0,0,Washington Heights,Manhattan
8345,4300,2,1,650,3,116,0,0,West Village,Manhattan
334,5900,1,1,980,24,33,0,0,Upper East Side,Manhattan
10231,3200,2,1,900,6,76,0,0,Upper East Side,Manhattan
1737,10662,3,4,2044,9,85,0,0,Upper West Side,Manhattan
318,6650,2,2,1143,30,10,1,1,Upper West Side,Manhattan
385,3800,1,1,682,12,31,0,0,Battery Park City,Manhattan
2572,4080,1,1,560,2,29,0,0,Chelsea,Manhattan
2478,5000,2,2,1000,1,116,0,0,East Village,Manhattan
6689,3500,1,1,700,5,91,0,0,Upper West Side,Manhattan
4476,7500,2,2,1487,9,9,1,1,Upper East Side,Manhattan
6240,4575,0,1,853,11,52,1,0,Tribeca,Manhattan
7057,4000,1,1,775,4,90,0,0,Financial District,Manhattan
10931,3925,0,1,572,11,4,0,0,East Village,Manhattan
4059,5500,1,2,934,18,29,0,0,Upper East Side,Manhattan
10086,8500,3,2,1650,18,14,0,0,Midtown East,Manhattan
2938,3300,3,2,1300,2,96,0,0,Washington Heights,Manhattan
595,15000,2,3,2800,4,109,0,0,Greenwich Village,Manhattan
1823,4950,1,1,812,5,19,1,1,Upper West Side,Manhattan
2294,9995,3,3,1552,9,13,1,1,Upper East Side,Manhattan
3468,3495,1,1,771,7,90,0,0,Financial District,Manhattan
9034,2600,2,1,740,2,101,1,1,Upper East Side,Manhattan
5274,3000,2,1,800,1,96,0,0,Midtown West,Manhattan
3348,5855,2,2,1171,9,27,0,0,Midtown East,Manhattan
6696,4500,1,1,874,3,25,0,0,Upper East Side,Manhattan
4227,7995,1,1,1075,33,33,0,0,Midtown,Manhattan
974,18000,4,4,3160,5,79,0,0,Upper West Side,Manhattan
8649,2450,0,1,475,15,85,0,0,Upper West Side,Manhattan
6794,3791,1,1,585,16,4,0,0,Midtown West,Manhattan
5876,5600,1,1,865,9,85,0,0,Greenwich Village,Manhattan
9421,3945,1,1,609,3,9,0,0,Tribeca,Manhattan
509,3000,0,1,613,7,31,1,1,Battery Park City,Manhattan
7711,7500,2,2,1400,6,90,1,1,Upper East Side,Manhattan
260,3950,1,1,606,37,6,1,1,Financial District,Manhattan
3662,3450,0,1,500,1,3,0,0,East Village,Manhattan
7128,3200,1,1,717,5,28,0,0,Battery Park City,Manhattan
10453,5850,1,1,850,24,30,1,1,Flatiron,Manhattan
11225,10995,4,3,2200,12,90,0,0,Upper West Side,Manhattan
4987,2800,0,1,550,3,58,1,1,Chelsea,Manhattan
10335,2575,0,1,386,20,29,0,0,Midtown West,Manhattan
9711,1599,0,1,343,16,55,0,0,Central Harlem,Manhattan
4448,3400,1,1,606,26,37,0,0,Midtown East,Manhattan
6251,2995,2,1,900,4,106,0,0,Midtown West,Manhattan
6425,3790,1,1,752,5,7,0,0,Midtown West,Manhattan
6712,4195,1,1,760,5,55,0,0,Upper East Side,Manhattan
5216,9415,3,2,1650,14,53,0,0,Upper East Side,Manhattan
10298,1795,1,1,800,4,79,0,0,Inwood,Manhattan
8639,6000,1,1,982,50,6,0,0,Midtown South,Manhattan
3932,4765,1,1,741,6,2,0,0,Upper West Side,Manhattan
7873,5250,1,1,896,6,8,0,0,East Village,Manhattan
922,17500,3,3,2433,20,9,0,0,Upper East Side,Manhattan
1564,5250,2,1,861,15,37,0,0,Midtown West,Manhattan
1331,3845,1,1,841,4,17,0,0,Upper West Side,Manhattan
2967,8000,2,2,1907,34,102,0,0,Financial District,Manhattan
5123,3560,1,1,698,5,14,1,1,Upper West Side,Manhattan
5808,1775,0,1,400,3,96,0,0,Upper West Side,Manhattan
7056,5100,2,2,1040,5,90,0,0,Financial District,Manhattan
608,8000,3,3,2084,9,85,0,0,Upper West Side,Manhattan
6209,7650,1,1,900,9,11,0,0,Midtown,Manhattan
1608,15000,3,3,2070,19,29,1,0,Upper East Side,Manhattan
6450,3100,0,1,520,18,53,0,0,Midtown,Manhattan
2234,2445,0,1,500,2,96,0,0,East Village,Manhattan
2176,5200,1,1,861,14,37,1,0,Midtown West,Manhattan
2444,3285,0,1,494,7,54,0,0,Upper East Side,Manhattan
5738,10000,2,1,1500,6,106,1,0,Soho,Manhattan
5693,5250,1,1,850,25,42,0,0,Upper West Side,Manhattan
1172,4600,3,2,1013,6,96,0,0,Central Harlem,Manhattan
372,4450,2,2,1350,18,53,0,0,Midtown East,Manhattan
8756,9000,3,3,1800,8,100,0,0,Upper West Side,Manhattan
3974,7000,2,2,1325,27,8,1,1,Financial District,Manhattan
9257,15000,3,3,1981,16,11,1,1,Upper East Side,Manhattan
4167,2995,1,1,750,12,91,0,0,Morningside Heights,Manhattan
1709,4200,1,1,719,2,9,1,1,Tribeca,Manhattan
7630,2600,0,1,400,18,30,0,0,Midtown East,Manhattan
3502,9700,4,3,2000,10,75,0,0,Central Park South,Manhattan
1297,6058,2,2,1222,9,1,0,0,Upper East Side,Manhattan
1712,11257,5,3,2000,8,6,0,0,Financial District,Manhattan
101,5000,1,1,700,7,16,1,1,Chelsea,Manhattan
8383,2400,0,1,503,12,30,1,0,Upper West Side,Manhattan
3659,3250,0,1,525,9,14,0,0,Upper West Side,Manhattan
200,14000,2,2,2000,55,33,1,0,Midtown,Manhattan
9217,4035,0,1,490,41,6,0,0,Chelsea,Manhattan
8027,3395,1,1,620,6,15,1,0,Midtown East,Manhattan
6567,14000,3,3,2153,6,9,1,1,Upper East Side,Manhattan
10802,2825,0,1,538,18,112,0,0,Financial District,Manhattan
6846,2050,0,1,300,1,106,0,0,East Village,Manhattan
5106,2995,0,1,500,3,50,0,0,Greenwich Village,Manhattan
10550,5050,2,2,1195,2,28,0,0,Upper West Side,Manhattan
2453,5900,0,1,1650,3,11,0,0,Soho,Manhattan
8708,2450,0,1,550,13,52,0,0,Upper East Side,Manhattan
8212,2200,0,1,400,4,86,1,0,Midtown East,Manhattan
8478,3730,1,1,740,28,9,0,0,Financial District,Manhattan
6892,5600,1,1,909,10,6,1,1,Tribeca,Manhattan
9698,2800,1,1,600,5,96,0,0,Lower East Side,Manhattan
657,11000,2,2,2101,3,110,0,0,Greenwich Village,Manhattan
4376,4350,1,1,643,14,2,0,0,Midtown East,Manhattan
8584,3900,1,1,850,1,106,0,0,Upper West Side,Manhattan
11130,6500,2,2,1175,42,6,0,0,Financial District,Manhattan
3926,7495,2,1,650,6,106,0,0,Soho,Manhattan
1335,2999,1,1,800,2,96,0,0,Upper East Side,Manhattan
5698,2595,1,1,600,5,106,1,1,East Village,Manhattan
1240,5250,2,2,1000,6,34,0,0,Midtown West,Manhattan
4120,5995,2,2,1500,4,89,0,0,Upper West Side,Manhattan
5684,3946,1,1,547,12,29,0,0,Chelsea,Manhattan
10680,7800,2,2,1404,35,10,1,1,Battery Park City,Manhattan
5731,3200,0,1,613,3,31,0,0,Battery Park City,Manhattan
5930,4950,2,1,900,3,116,1,0,Upper West Side,Manhattan
7836,3650,2,1,850,3,14,0,0,Upper East Side,Manhattan
2961,2600,0,1,570,19,13,0,0,Financial District,Manhattan
9521,3100,4,1,1000,2,109,0,0,Washington Heights,Manhattan
4877,4500,2,1,900,2,116,1,0,Lower East Side,Manhattan
655,5250,1,1,724,14,9,0,0,Tribeca,Manhattan
10364,3375,1,1,658,15,14,1,1,Midtown West,Manhattan
3514,4600,2,1,955,8,65,0,0,Upper East Side,Manhattan
3305,3675,1,1,650,26,31,1,0,Midtown East,Manhattan
10083,3350,1,1,800,5,116,0,0,Little Italy,Manhattan
1635,3500,1,1,760,3,8,0,0,Midtown West,Manhattan
731,6250,2,1,800,8,87,0,0,Financial District,Manhattan
8617,4700,1,1,941,22,39,0,0,Midtown East,Manhattan
654,2485,0,1,550,4,55,1,0,Upper East Side,Manhattan
396,12500,3,3,1776,6,9,1,1,Upper West Side,Manhattan
6538,4615,1,1,775,7,86,0,0,Gramercy Park,Manhattan
8581,3250,0.5,1,650,15,85,0,0,Financial District,Manhattan
5590,4000,1,1,900,12,65,1,1,Upper East Side,Manhattan
51,2000,0,1,400,5,53,1,1,Midtown West,Manhattan
814,3950,1,1,860,33,29,0,0,Midtown,Manhattan
6083,2099,0,1,300,3,116,0,0,Gramercy Park,Manhattan
4680,10000,2,2,1849,4,89,1,0,Central Park South,Manhattan
5130,3195,0,1,620,3,18,0,0,Upper East Side,Manhattan
2131,2750,0,1,428,12,15,0,0,Financial District,Manhattan
6054,2950,0,1,525,20,30,1,0,Midtown East,Manhattan
2419,5400,1,1,855,14,8,0,0,Flatiron,Manhattan
9514,5100,1,1,767,10,9,0,0,Flatiron,Manhattan
5987,2150,1,1,615,5,12,1,1,East Harlem,Manhattan
8834,4800,2,2,1150,6,30,0,0,Upper West Side,Manhattan
1842,3415,1,1,592,7,116,0,0,Financial District,Manhattan
3402,5995,2,1,950,5,116,1,0,East Village,Manhattan
5480,3695,1,1,1000,14,89,0,0,Upper West Side,Manhattan
9728,2650,0,1,547,2,86,0,0,Central Park South,Manhattan
1024,4600,1,1,750,3,106,0,0,Greenwich Village,Manhattan
8321,2790,0,1,472,4,47,0,0,Financial District,Manhattan
3912,3700,1,1,800,4,25,1,1,Upper West Side,Manhattan
7625,4500,2,1,864,30,30,1,1,Midtown East,Manhattan
5000,14500,3,3,1800,31,22,0,0,Upper West Side,Manhattan
8018,3550,1,1,642,29,29,0,0,Midtown West,Manhattan
5673,3535,1,1,702,10,17,0,0,Upper West Side,Manhattan
4531,9000,1,2,1800,5,116,0,0,Soho,Manhattan
3937,4000,1,1,639,8,37,0,0,Upper West Side,Manhattan
9013,3323,0,1,431,21,16,1,1,Flatiron,Manhattan
5583,6495,3,2,1195,28,37,1,0,Midtown,Manhattan
9363,2400,1,1,400,2,76,1,0,Midtown East,Manhattan
4779,4600,2,2,1100,12,57,1,0,Upper East Side,Manhattan
1339,8000,2,2,1436,7,47,1,0,Midtown,Manhattan
1488,4495,2,1,801,21,31,0,0,Midtown East,Manhattan
420,2900,1,1,700,4,30,1,1,Upper West Side,Manhattan
3897,6080,2,2,1211,31,17,0,0,Upper West Side,Manhattan
10523,5100,4,1,1200,5,41,0,0,Upper East Side,Manhattan
5070,3453,0,1,514,6,4,0,0,Midtown West,Manhattan
4187,9000,2,2,1611,9,8,0,0,Flatiron,Manhattan
6612,9350,2,2,1700,14,85,0,0,Upper West Side,Manhattan
1976,3510,1,1,788,4,29,0,0,Upper West Side,Manhattan
134,4506,2,1,1134,20,85,1,1,Upper West Side,Manhattan
400,4000,1,1,550,9,89,1,1,Midtown,Manhattan
4077,3000,0,1,620,17,46,0,0,Midtown East,Manhattan
9218,3370,1,1,583,12,16,0,0,Midtown West,Manhattan
8667,6310,2,2,988,3,9,0,0,Tribeca,Manhattan
1020,4995,2,2,908,15,29,0,0,Upper West Side,Manhattan
9203,3495,1,1,773,30,29,1,1,Upper East Side,Manhattan
10908,3823,0,1,924,15,44,0,0,Financial District,Manhattan
666,12500,4,3,2150,25,38,0,0,Midtown West,Manhattan
5108,12000,5,3,3425,8,111,0,0,Midtown,Manhattan
7025,7995,3,2,1317,9,7,0,0,Upper West Side,Manhattan
8964,3100,1,1,683,4,30,0,0,Upper West Side,Manhattan
10340,4610,1,1,602,8,16,1,1,Chelsea,Manhattan
642,4768,1,1,600,39,16,1,1,Flatiron,Manhattan
3597,3650,1,1,709,3,116,1,0,Financial District,Manhattan
6179,2750,0,1,500,4,28,1,0,Midtown East,Manhattan
2530,3900,3,1,1100,6,96,0,0,Upper West Side,Manhattan
2220,4000,1,1,768,37,9,0,0,Midtown West,Manhattan
4656,5500,1,1,900,5,96,0,0,Upper West Side,Manhattan
1907,1850,2,1,550,2,116,0,0,East Harlem,Manhattan
10321,3150,1,1,770,7,55,0,0,Upper East Side,Manhattan
10056,2400,1,1,775,2,95,0,0,Upper West Side,Manhattan
8405,11500,2,2,1644,5,89,0,0,Upper East Side,Manhattan
3763,2700,0,1,560,15,44,1,0,Midtown East,Manhattan
8379,9950,3,2,1900,16,28,0,0,Upper East Side,Manhattan
6114,3200,1,1,670,7,29,1,1,Upper West Side,Manhattan
6120,4495,1,1,778,34,13,0,0,Midtown,Manhattan
2802,3150,1,1,700,8,32,0,0,Midtown East,Manhattan
11268,5500,0,1,1200,9,109,0,0,Greenwich Village,Manhattan
4624,3950,1,1,737,9,19,1,1,Midtown West,Manhattan
5297,4200,4,2,2000,5,90,0,0,East Harlem,Manhattan
9078,3195,2,1,850,4,106,0,0,Gramercy Park,Manhattan
6702,4000,1,1,850,12,34,0,0,Midtown East,Manhattan
2341,9995,2,2,1809,11,86,0,0,Midtown West,Manhattan
10801,5125,2,2,1034,10,90,0,0,Financial District,Manhattan
3378,2625,0,1,565,2,12,0,0,Financial District,Manhattan
1781,3225,0,1,520,30,14,0,0,Midtown South,Manhattan
3074,5950,1,1,732,16,10,0,0,Chelsea,Manhattan
2306,2650,0,1,500,7,53,0,0,Midtown,Manhattan
151,7500,1,1,992,14,86,0,0,Midtown West,Manhattan
9393,5200,4,2,1500,1,91,0,0,Morningside Heights,Manhattan
9189,6650,2,2,1171,6,61,1,0,Midtown East,Manhattan
10332,2450,0,1,435,20,28,0,0,Midtown West,Manhattan
2208,6700,2,1,1000,29,51,0,0,Greenwich Village,Manhattan
6099,7195,2,2,1450,7,10,0,0,Midtown East,Manhattan
6950,3350,0,1,428,4,0,0,0,Midtown West,Manhattan
9475,4686,1,1,759,7,8,0,0,Upper West Side,Manhattan
1792,4500,1,1,938,7,180,1,1,Financial District,Manhattan
2210,2600,0,1,452,32,29,0,0,Financial District,Manhattan
2636,3000,1,1,703,5,27,1,1,Upper East Side,Manhattan
6635,6950,2,2,1150,15,6,0,0,Lower East Side,Manhattan
877,4650,1,1,670,20,17,0,0,Flatiron,Manhattan
8560,3350,1,1,714,16,26,0,0,Midtown East,Manhattan
6111,6854,3,2,2200,8,96,0,0,Upper East Side,Manhattan
2656,3800,4,2,1500,1,96,0,0,Washington Heights,Manhattan
6866,8500,2,2,1409,15,8,0,0,Battery Park City,Manhattan
9921,2950,1,1,819,4,108,0,0,Lower East Side,Manhattan
53,6250,1,1,987,6,8,1,0,Midtown,Manhattan
7895,7350,2,2,1380,20,30,0,0,Upper East Side,Manhattan
4917,4750,1,1,851,9,12,0,0,Upper West Side,Manhattan
5240,2720,0,1,265,5,0,0,0,Midtown East,Manhattan
5280,2495,1,1,600,6,76,0,0,Upper West Side,Manhattan
10930,2150,1,1,600,2,126,0,0,Upper West Side,Manhattan
2821,2950,0,1,600,9,90,0,0,Financial District,Manhattan
5615,2700,0,1,450,4,115,0,0,West Village,Manhattan
2576,3341,0,1,623,12,47,0,0,Financial District,Manhattan
3346,5300,2,2,1050,7,30,1,1,Upper East Side,Manhattan
9136,3400,1,1,623,11,89,1,1,Midtown,Manhattan
8127,6900,3,1,2200,4,116,0,0,Soho,Manhattan
8158,2690,1,1,600,9,87,0,0,Midtown East,Manhattan
3397,2000,1,1,600,2,106,0,0,Upper East Side,Manhattan
4329,3950,0,1,929,19,102,0,0,Financial District,Manhattan
2770,2600,0,1,428,4,8,1,1,Midtown West,Manhattan
1315,15000,2,2,1700,18,80,0,0,Upper West Side,Manhattan
8712,13900,3,3,2000,5,2,0,0,Tribeca,Manhattan
2629,2990,1,1,504,4,113,0,0,Upper West Side,Manhattan
10173,4795,2,2,1015,18,29,1,1,Upper East Side,Manhattan
10638,2850,2,1,750,5,106,0,0,Upper East Side,Manhattan
5054,3500,2,1,1000,19,57,0,0,Midtown East,Manhattan
11,6995,1,1,800,30,86,1,1,Central Park South,Manhattan
8504,6500,1,1,1218,5,101,1,0,Tribeca,Manhattan
2762,2700,0,1,450,2,15,0,0,Midtown West,Manhattan
4547,7500,4,2,1500,4,55,1,0,Upper West Side,Manhattan
10085,5700,1,1,940,14,13,0,0,Midtown,Manhattan
4970,3900,1,1,560,1,106,0,1,West Village,Manhattan
6592,4195,1,1,700,8,6,0,0,Gramercy Park,Manhattan
5565,7290,3,2,1164,15,0,0,0,Midtown East,Manhattan
1117,3800,1,1,900,3,52,1,1,Greenwich Village,Manhattan
2697,3410,1,1,850,6,66,1,1,Chelsea,Manhattan
2681,2900,0,1,525,23,11,1,0,Upper East Side,Manhattan
107,9250,2,2,1653,3,8,1,0,Upper East Side,Manhattan
7816,13000,3,3,1973,9,2,0,0,Tribeca,Manhattan
2233,10000,2,3,1840,6,54,0,0,Tribeca,Manhattan
2237,4500,2,2,927,14,27,1,1,Midtown East,Manhattan
1028,3000,1,1,600,10,30,1,1,Midtown East,Manhattan
6268,2400,1,1,600,3,96,0,0,Midtown West,Manhattan
7423,3000,1,1,615,4,8,0,0,Midtown West,Manhattan
7651,6861,2,2,1231,17,16,0,0,Flatiron,Manhattan
10001,6917,2,1,812,16,4,0,0,Midtown West,Manhattan
4308,3800,1,1,850,6,85,0,0,Midtown East,Manhattan
3924,3800,1,1,800,6,104,1,0,Upper West Side,Manhattan
1850,9250,2,2,1266,9,89,0,0,Upper West Side,Manhattan
3265,9995,2,2,1554,11,89,1,1,Upper East Side,Manhattan
9756,5995,2,1,1200,12,90,0,0,Upper West Side,Manhattan
3794,4280,1,1,875,27,10,1,0,Battery Park City,Manhattan
3224,4000,2,1,774,56,27,0,0,Midtown East,Manhattan
10700,4275,1,1,735,36,47,1,1,Upper West Side,Manhattan
4473,3700,0,1,615,38,38,0,0,Midtown West,Manhattan
8547,2395,0,1,550,2,32,1,1,Midtown East,Manhattan
8390,9995,3,3,2100,13,33,0,0,Midtown East,Manhattan
2253,6000,2,2,968,18,31,1,1,Battery Park City,Manhattan
8259,2050,1,1,450,1,106,0,0,Gramercy Park,Manhattan
8871,3000,0,1,450,11,87,0,0,Greenwich Village,Manhattan
3893,4565,1,1,642,6,5,0,0,Chelsea,Manhattan
3126,3800,1,1,840,12,55,0,0,Upper West Side,Manhattan
1670,2900,2,2,1240,5,8,1,1,Washington Heights,Manhattan
6489,13500,2,2,2011,83,15,1,1,Midtown East,Manhattan
5089,1999,0,1,500,5,51,1,1,Midtown East,Manhattan
6788,3100,1,1,849,3,12,1,0,Roosevelt Island,Manhattan
2699,9750,2,1,1300,3,116,0,0,Soho,Manhattan
788,2500,0,1,470,3,59,0,0,Midtown,Manhattan
1398,11500,3,2,1700,66,9,0,0,Financial District,Manhattan
10626,3900,4,2,1100,4,106,0,0,Central Harlem,Manhattan
5569,5400,3,1,1800,4,30,1,1,Midtown South,Manhattan
6887,2425,0,1,518,2,116,0,0,Upper West Side,Manhattan
4631,5940,1,1,709,30,6,0,0,Chelsea,Manhattan
6755,10495,2,2,1549,7,115,0,0,Upper West Side,Manhattan
9786,3500,1,1,700,12,29,1,1,Upper West Side,Manhattan
6092,6055,2,2,962,12,4,0,0,Midtown West,Manhattan
115,11538,3,2,1540,6,89,0,0,Upper West Side,Manhattan
2599,5900,2,2,1450,16,39,0,0,Upper West Side,Manhattan
319,4140,1,1,825,11,17,0,0,Upper West Side,Manhattan
8720,3876,1,1,529,8,29,1,1,Chelsea,Manhattan
3546,2879,0,1,594,2,44,0,0,Financial District,Manhattan
9191,13000,2,2,1300,4,115,0,0,Upper East Side,Manhattan
2015,5995,2,2,1321,11,32,0,0,Midtown East,Manhattan
2051,8250,3,2,1250,3,41,0,0,Upper East Side,Manhattan
6414,3595,1,1,773,23,18,0,0,Upper West Side,Manhattan
6225,6500,2,2,1100,17,29,1,0,Upper West Side,Manhattan
110,18500,2,2,1843,3,75,1,1,Upper East Side,Manhattan
483,6350,2,2,1352,31,29,0,0,Financial District,Manhattan
7162,5250,2,2,1191,23,18,1,1,Upper East Side,Manhattan
8370,3300,1,1,649,40,43,0,0,Midtown East,Manhattan
5060,3750,1,2,820,22,86,1,1,Upper West Side,Manhattan
10655,8000,2,2,1038,16,10,1,1,Chelsea,Manhattan
3680,5200,3,2,1500,9,57,0,0,Midtown East,Manhattan
1338,7795,1,1,800,21,11,1,1,Midtown,Manhattan
2932,3500,1,1,650,16,31,0,0,Upper East Side,Manhattan
2678,13000,3,3,1851,42,25,0,0,Upper East Side,Manhattan
3743,3642,1,1,610,19,41,0,0,Midtown East,Manhattan
4243,3100,0,1,579,11,31,1,1,Battery Park City,Manhattan
191,3900,1,1,801,6,84,0,0,Midtown West,Manhattan
1123,3500,1,1,725,23,32,0,0,Midtown East,Manhattan
11315,7000,3,1,1000,3,86,0,0,Midtown West,Manhattan
2019,8095,3,3,1698,11,10,1,1,Battery Park City,Manhattan
1701,7500,2,2,1150,22,17,0,0,Flatiron,Manhattan
5706,7995,2,2,1356,15,8,1,0,Battery Park City,Manhattan
4157,3200,0,1,521,4,54,1,1,Upper East Side,Manhattan
179,9000,2,2,1192,11,86,1,0,Central Park South,Manhattan
5670,3365,1,1,637,6,16,0,0,Midtown West,Manhattan
10170,6465,2,2,1168,32,17,1,1,Upper West Side,Manhattan
5466,2900,0,1,550,21,27,1,1,Upper West Side,Manhattan
7682,6700,2,2,1200,26,42,0,0,Upper East Side,Manhattan
2650,3705,1,1,697,11,17,0,0,Upper West Side,Manhattan
2405,4216,1,1,744,5,6,0,0,Gramercy Park,Manhattan
2464,3395,1,1,800,14,76,0,0,Upper West Side,Manhattan
1837,2735,0,1,428,9,15,0,0,Financial District,Manhattan
5592,2800,1,1,670,3,106,1,1,Chelsea,Manhattan
6792,8100,3,2,1309,17,31,0,0,Upper East Side,Manhattan
5553,2650,0,1,549,14,29,1,0,Battery Park City,Manhattan
2666,2900,0,1,600,4,84,1,0,Midtown West,Manhattan
9098,5555,2,2,874,16,0,0,0,Midtown East,Manhattan
8163,15900,2,2,1591,37,56,1,0,Upper West Side,Manhattan
10515,3575,1,1,705,6,30,1,1,Upper East Side,Manhattan
1815,8750,3,2,1420,5,27,0,0,Upper West Side,Manhattan
5268,5275,2,2,911,19,37,0,0,Midtown East,Manhattan
519,15000,3,3,2300,12,15,0,0,Chelsea,Manhattan
1795,7500,2,2,1265,5,10,1,0,Chelsea,Manhattan
6890,1895,0,1,400,14,89,1,1,Upper West Side,Manhattan
4336,4750,2,1,977,3,106,0,0,Greenwich Village,Manhattan
98,4600,0,2,1062,3,43,1,1,Financial District,Manhattan
4067,3150,1,1,560,4,86,0,0,Midtown West,Manhattan
1519,4050,1,1,762,19,29,1,1,Financial District,Manhattan
10159,7085,3,2,1439,7,39,0,0,Midtown East,Manhattan
11010,3595,0,1,598,3,7,1,1,Upper West Side,Manhattan
10147,3900,1,1,884,37,27,1,0,Midtown East,Manhattan
3888,3595,1,1,735,6,85,0,0,Financial District,Manhattan
8540,5250,2,1,1200,3,88,1,0,Upper West Side,Manhattan
3573,2495,1,1,550,3,116,1,0,East Village,Manhattan
6815,12500,3,3,1760,19,9,1,1,Upper East Side,Manhattan
8058,3645,1,1,600,8,99,0,0,Upper West Side,Manhattan
799,7350,2,2,1103,8,9,0,0,Tribeca,Manhattan
5301,5110,1,1,745,18,0,0,0,Midtown South,Manhattan
2935,2550,1,1,550,8,58,1,0,Midtown East,Manhattan
4571,2900,1,1,550,6,51,0,0,Midtown West,Manhattan
4372,4650,1,1,942,4,25,0,0,Upper West Side,Manhattan
8384,3800,3,1,1000,2,116,0,0,Upper West Side,Manhattan
10505,3530,0,1,530,31,16,0,0,Chelsea,Manhattan
1074,2795,0,1,500,19,29,0,1,Financial District,Manhattan
3386,5800,2,1,950,2,116,0,1,East Village,Manhattan
10429,3500,1,1,693,3,15,1,1,Upper West Side,Manhattan
89,2215,1,1,710,7,7,0,0,East Harlem,Manhattan
5187,3325,1,1,628,5,14,1,1,Midtown West,Manhattan
10675,4250,1,1,809,21,33,0,0,Battery Park City,Manhattan
3470,8500,2,2,1400,10,9,1,0,Midtown,Manhattan
10563,2935,0,1,559,33,33,1,1,Battery Park City,Manhattan
4,8995,2,2,1667,40,31,0,0,Upper East Side,Manhattan
8077,6594,2,2,1082,9,16,0,0,Flatiron,Manhattan
491,9850,2,2,1489,66,30,1,1,Midtown,Manhattan
5162,8200,2,2,1055,42,22,0,0,Upper West Side,Manhattan
5544,6776,2,2,808,3,16,1,1,Chelsea,Manhattan
689,5999,1,1,1000,8,33,0,0,Midtown East,Manhattan
8492,2095,2,1,700,5,116,0,0,Central Harlem,Manhattan
11142,2595,0,1,400,7,14,0,0,Upper East Side,Manhattan
5963,3500,1,1,947,2,8,0,0,Lower East Side,Manhattan
10330,3300,0,1,500,8,103,1,0,Flatiron,Manhattan
5634,6800,4,2,1700,3,64,1,1,Midtown East,Manhattan
1762,16000,2,2,1800,2,116,1,0,Greenwich Village,Manhattan
552,3750,1,1,800,15,89,1,0,Midtown,Manhattan
10925,3195,1,1,720,9,103,0,0,Upper West Side,Manhattan
1004,4700,1,1,707,3,8,0,0,Chelsea,Manhattan
9662,2805,0,1,472,14,47,0,0,Financial District,Manhattan
4952,4150,0,1,747,5,11,0,0,Tribeca,Manhattan
8057,3515,1,1,750,8,116,0,0,Financial District,Manhattan
677,5850,1,1,942,5,86,1,1,Midtown East,Manhattan
4647,3850,1,1,770,4,59,1,0,Midtown East,Manhattan
295,6350,1,2,1014,3,8,1,1,Chelsea,Manhattan
7388,4000,1,1,750,14,14,0,0,Midtown South,Manhattan
153,5250,3,3,1800,7,104,0,0,Hamilton Heights,Manhattan
2581,3645,1,1,674,4,28,0,0,Upper West Side,Manhattan
5493,3725,1,1,591,7,29,0,0,Midtown West,Manhattan
5011,2695,2,1,805,7,9,1,0,East Harlem,Manhattan
2949,2650,1,1,625,3,96,0,0,Upper East Side,Manhattan
1983,1995,2,1,1000,36,89,0,0,Central Harlem,Manhattan
3457,6500,2,2,1500,13,90,1,1,Chelsea,Manhattan
4055,3700,1,1,700,24,13,1,0,Midtown West,Manhattan
6975,4500,1,1,733,11,2,0,0,Gramercy Park,Manhattan
8197,3350,0,1,644,24,88,1,1,Financial District,Manhattan
6228,5999,2,2,1248,3,9,1,0,Midtown East,Manhattan
5383,2800,0,1,618,4,86,1,1,Financial District,Manhattan
878,4350,1,1,715,15,17,0,0,Flatiron,Manhattan
9545,2600,0.5,1,600,4,52,0,0,Midtown West,Manhattan
5157,3800,0,1,600,15,53,1,1,Upper East Side,Manhattan
10342,2500,2,1,1000,1,106,0,0,Central Harlem,Manhattan
2411,2800,0,1,420,8,53,0,1,Midtown,Manhattan
9957,2850,0,1,500,12,57,0,0,Midtown East,Manhattan
6047,6118,1,1,909,11,6,0,0,Tribeca,Manhattan
1643,5995,2,2,1400,31,41,0,0,Midtown East,Manhattan
338,3850,1,1,780,17,28,0,0,Midtown East,Manhattan
8276,5395,1,1,558,5,2,0,0,East Village,Manhattan
4224,3750,3,1,1100,4,96,0,0,Upper East Side,Manhattan
10744,1443,1,1,550,3,101,0,0,Central Harlem,Manhattan
8727,2795,1,1,800,4,106,0,0,Upper West Side,Manhattan
558,4500,4,2,1400,4,107,0,0,Morningside Heights,Manhattan
2135,3600,2,2,1200,10,105,0,0,Upper West Side,Manhattan
7648,3750,0,1,636,6,52,0,0,East Village,Manhattan
9907,3800,3,1,1100,3,96,0,0,Upper East Side,Manhattan
8512,12000,3.5,2,1600,5,105,1,0,West Village,Manhattan
3780,5155,1,1,812,33,44,0,0,Midtown East,Manhattan
935,2500,2,1,1200,8,9,0,0,Central Harlem,Manhattan
6880,2250,0,1,500,4,54,0,0,Midtown East,Manhattan
7357,3750,1,1,646,17,11,0,0,Midtown South,Manhattan
4769,4995,1,1,725,10,24,0,0,Gramercy Park,Manhattan
7600,4198,0,1,851,17,44,0,0,Financial District,Manhattan
10986,7500,1,1,1052,32,33,0,0,Midtown,Manhattan
1870,3000,3,1,1400,1,96,0,0,Washington Heights,Manhattan
5384,3093,0,1,461,19,4,0,0,Midtown West,Manhattan
294,11000,3,3,1815,11,2,0,0,Tribeca,Manhattan
3696,4195,1,1,854,27,30,0,0,Upper East Side,Manhattan
5806,2700,0,1,452,20,29,1,1,Financial District,Manhattan
2152,2499,2,1,700,5,96,0,0,Upper West Side,Manhattan
3031,3865,1,1,910,8,1,0,0,East Harlem,Manhattan
6942,5935,1,1,926,11,9,0,0,Tribeca,Manhattan
5792,4950,1,2,981,5,8,1,1,Midtown West,Manhattan
10979,4600,1,1,900,4,12,0,0,Upper West Side,Manhattan
612,8500,3,2,1500,5,93,0,0,Upper West Side,Manhattan
10345,3350,2,1,600,5,106,0,0,East Village,Manhattan
1943,3550,1,1,581,7,37,0,0,Upper West Side,Manhattan
5900,4600,1,1,717,8,2,0,0,Gramercy Park,Manhattan
2820,4850,2,2,1010,5,90,0,0,Financial District,Manhattan
8432,3150,1,1,750,3,106,0,0,Midtown East,Manhattan
6324,3400,1,1,700,3,15,1,1,Midtown West,Manhattan
9001,2200,1,1,675,2,106,1,1,Upper West Side,Manhattan
10141,3300,1,1,694,9,87,1,0,Financial District,Manhattan
10644,7000,3,2,1394,12,53,1,0,Upper East Side,Manhattan
4161,3850,0,1,605,6,10,0,0,Chelsea,Manhattan
3313,6500,1,1,1100,18,43,0,0,Upper East Side,Manhattan
773,12000,3,3,1737,20,8,1,1,Battery Park City,Manhattan
4758,2975,0,1,402,6,13,1,0,West Village,Manhattan
11151,3100,0,1,600,2,53,0,0,Midtown,Manhattan
5386,2990,0,1,395,1,8,0,0,Midtown West,Manhattan
717,6995,2,2,1172,35,31,0,0,Upper East Side,Manhattan
7672,3229,0,1,470,7,19,0,0,Upper West Side,Manhattan
4716,3250,1,1,700,6,33,1,0,Midtown East,Manhattan
5057,3254,0,1,403,11,16,0,0,Flatiron,Manhattan
1371,8950,2,2,1449,13,10,1,1,Chelsea,Manhattan
7918,3495,1,1,800,3,36,1,1,Midtown East,Manhattan
8592,4850,2,2,938,13,85,0,0,Financial District,Manhattan
7217,4995,1,1,947,7,2,0,0,Midtown East,Manhattan
221,2900,1,1,600,9,84,0,0,Midtown West,Manhattan
3302,3184,1,1,696,4,48,0,0,Upper West Side,Manhattan
5980,3000,0,1,500,3,116,1,0,Greenwich Village,Manhattan
5351,10400,3,2,1797,25,17,0,0,Upper West Side,Manhattan
9316,2100,0,1,450,5,60,0,0,Upper East Side,Manhattan
5519,3160,0,1,602,7,19,0,0,Midtown West,Manhattan
10360,3308,0,1,470,18,19,0,0,Upper West Side,Manhattan
6706,3500,0,1,499,3,0,0,0,Midtown West,Manhattan
10943,4846,2,1,805,14,86,1,0,Gramercy Park,Manhattan
10781,2300,1,1,611,6,12,1,1,East Harlem,Manhattan
1035,2750,0,1,493,9,16,0,0,Midtown West,Manhattan
2907,2695,0,1,445,25,29,1,1,Financial District,Manhattan
1046,6995,2,2,1091,14,92,0,1,Upper West Side,Manhattan
9075,6000,2,2,1034,37,15,0,0,Midtown East,Manhattan
8585,2620,0.5,1,466,18,85,0,0,Financial District,Manhattan
8688,4895,2,0,950,3,96,0,0,Midtown East,Manhattan
9783,3250,1,1,900,1,91,0,0,Morningside Heights,Manhattan
7085,3498,0,1,464,15,13,1,1,Flatiron,Manhattan
1509,1990,1,1,475,1,106,0,0,Midtown East,Manhattan
3053,2650,0,1,471,45,29,1,0,Midtown,Manhattan
6071,5795,2,2,1133,19,41,0,0,Upper East Side,Manhattan
1517,7500,2,2,1104,31,2,0,0,Midtown East,Manhattan
7818,2600,1,1,650,1,106,0,0,Midtown East,Manhattan
9850,6725,1,1,1021,18,37,1,1,Upper West Side,Manhattan
5456,3200,0,1,622,10,31,0,1,Battery Park City,Manhattan
8807,20000,3,3,2600,3,86,1,1,Soho,Manhattan
7320,3640,1,1,664,8,19,0,0,Midtown West,Manhattan
895,4500,2,1,800,29,9,0,0,Midtown West,Manhattan
4008,5600,2,2,1049,30,17,0,0,Upper West Side,Manhattan
6062,3900,2,1,1000,7,115,0,0,Midtown,Manhattan
1778,3285,1,1,586,4,99,1,0,Upper West Side,Manhattan
956,2850,0,1,500,2,59,0,0,Midtown East,Manhattan
9620,3950,1,1,714,6,19,0,0,Upper East Side,Manhattan
5820,2775,0,1,486,12,112,0,0,Financial District,Manhattan
6662,3840,1,1,709,11,16,0,0,Midtown East,Manhattan
6805,2100,1,1,500,4,115,0,0,Midtown West,Manhattan
6520,2295,0,1,250,1,118,0,0,Gramercy Park,Manhattan
4053,3700,1.5,1,900,14,55,0,0,Midtown East,Manhattan
7547,3550,1,1,900,6,89,0,0,Upper West Side,Manhattan
2267,8500,2,2,1275,7,86,0,0,Tribeca,Manhattan
5937,5500,1,1,925,4,101,1,1,Tribeca,Manhattan
368,5345,2,2,1038,28,39,0,0,Upper East Side,Manhattan
7503,5150,1,1,679,17,11,0,0,Flatiron,Manhattan
1691,3965,1,1,629,25,39,0,0,Midtown East,Manhattan
4915,4400,2,1,950,31,42,0,0,Midtown East,Manhattan
8845,5340,2,2,971,9,16,0,0,Midtown East,Manhattan
11124,2100,0,1,400,1,101,0,0,Upper West Side,Manhattan
9798,7250,3,2,1339,4,32,0,0,Upper West Side,Manhattan
8269,2850,1,1,488,17,103,0,0,Midtown South,Manhattan
1941,1987,1,1,850,3,88,0,0,Washington Heights,Manhattan
971,3600,1,1,668,7,30,1,0,Battery Park City,Manhattan
8415,3300,1.5,1,650,16,9,0,0,Midtown West,Manhattan
7606,3795,0,1,577,21,16,0,0,Chelsea,Manhattan
3262,2400,2,1,1250,2,101,0,0,Washington Heights,Manhattan
864,4410,1,1,802,10,89,0,0,Upper East Side,Manhattan
5581,9250,3,3,1800,9,106,0,0,Upper West Side,Manhattan
395,3230,2,2,1000,8,7,0,0,East Harlem,Manhattan
2036,3500,1,1,678,7,85,1,0,Upper East Side,Manhattan
8393,4000,1,1,672,30,43,1,0,Midtown East,Manhattan
4073,3813,0,1,826,20,47,0,0,Financial District,Manhattan
388,3750,1,1,679,30,86,1,1,Financial District,Manhattan
1611,4590,1,1,730,12,89,1,1,Upper East Side,Manhattan
10959,4056,2,1,920,8,29,0,0,Upper West Side,Manhattan
4461,7250,4,3,2000,3,96,0,0,Upper East Side,Manhattan
10570,3595,2,1,700,3,8,1,1,Lower East Side,Manhattan
7757,8500,2,1,1613,8,101,1,1,Upper West Side,Manhattan
8387,2950,1,1,587,22,36,0,0,Upper East Side,Manhattan
6779,3600,1,1,775,9,85,1,1,Financial District,Manhattan
6140,3730,1,1,740,28,9,0,0,Financial District,Manhattan
2349,3100,0,1,550,9,55,0,0,Greenwich Village,Manhattan
5750,3495,2,1,750,2,126,0,0,Midtown West,Manhattan
2223,3700,3,2,1250,3,96,1,0,Inwood,Manhattan
3796,3850,1,1,817,4,85,1,0,Upper West Side,Manhattan
1164,3600,2,1,700,6,86,0,0,Midtown East,Manhattan
2933,2095,0,1,475,6,91,0,0,Flatiron,Manhattan
3863,7650,2,2,1235,20,11,1,0,Upper West Side,Manhattan
4492,2790,0,1,421,5,17,1,1,Upper West Side,Manhattan
3368,3295,1,1,628,31,37,1,1,Midtown East,Manhattan
9890,3000,3,2,620,1,106,0,0,Upper East Side,Manhattan
1305,8900,2,2,1100,35,33,0,0,Midtown,Manhattan
8839,2960,0,1,537,7,116,0,0,Financial District,Manhattan
6505,4400,1,1,692,8,29,1,1,Tribeca,Manhattan
4244,2995,0,1,500,11,29,0,0,Tribeca,Manhattan
7054,1950,1,1,596,3,57,0,0,Central Harlem,Manhattan
5772,3850,1,1,675,3,61,0,0,Gramercy Park,Manhattan
131,4000,3,1,1000,5,96,0,0,Upper West Side,Manhattan
277,5819,2,1,1121,19,116,0,0,Financial District,Manhattan
6421,4100,1,1,944,13,69,1,0,Stuyvesant Town/PCV,Manhattan
10703,4195,4,2,1300,2,91,1,1,Upper West Side,Manhattan
10302,4200,1,1,535,7,4,0,0,East Village,Manhattan
299,3825,1,1,764,5,39,0,0,Midtown East,Manhattan
1822,5250,1,1,1158,8,180,1,0,Financial District,Manhattan
2996,3400,2,1,800,3,106,1,0,Upper West Side,Manhattan
430,2723,0,1,457,22,47,0,0,Financial District,Manhattan
1176,3800,2,1,817,7,8,0,0,Chinatown,Manhattan
10117,15000,2,2,2000,4,13,0,0,Tribeca,Manhattan
1598,3800,1,1,700,5,9,1,0,Midtown West,Manhattan
8826,3342,1,1,648,18,30,0,0,Upper East Side,Manhattan
505,7880,3,2,1500,16,35,1,1,Midtown East,Manhattan
7851,4965,1,1,812,32,44,0,0,Midtown East,Manhattan
239,16000,4,4,2110,16,29,0,0,Upper East Side,Manhattan
5675,1600,0,1,550,1,11,0,0,Central Harlem,Manhattan
11246,3187,2,1,650,18,29,0,0,Battery Park City,Manhattan
5001,2750,1,1,550,1,96,0,0,Upper East Side,Manhattan
1843,5958,2,2,1300,21,51,1,0,Midtown West,Manhattan
6947,4100,2,2,940,3,12,1,1,Chinatown,Manhattan
4428,3600,2,1,710,34,37,1,0,Midtown East,Manhattan
10894,3700,1,1,600,9,37,0,0,Upper West Side,Manhattan
8645,2700,0,1,550,16,59,0,0,Upper East Side,Manhattan
1244,4000,3,1,700,10,96,0,0,Upper West Side,Manhattan
8877,3300,1,1,650,5,18,0,0,Upper East Side,Manhattan
2717,2350,1,1,771,16,58,0,0,Central Harlem,Manhattan
6151,3795,2,1,750,11,116,1,0,Financial District,Manhattan
10080,7500,3,2,1300,16,27,1,1,Upper West Side,Manhattan
90,5771,2,2,1018,10,9,0,0,Midtown West,Manhattan
8519,4600,1,1,960,22,9,1,0,Midtown,Manhattan
7922,3400,1,1,850,7,87,0,0,Upper West Side,Manhattan
1110,3715,1,1,591,11,113,0,0,Upper West Side,Manhattan
944,2750,0,1,595,8,76,1,1,Financial District,Manhattan
10053,1600,1,1,450,3,116,0,0,Washington Heights,Manhattan
7819,6500,2,2,1188,64,29,1,1,Midtown,Manhattan
3820,1500,0,1,450,3,106,0,0,Hamilton Heights,Manhattan
2769,2795,1,1,700,13,42,1,0,Upper East Side,Manhattan
1662,3211,1,1,775,17,53,0,0,Midtown,Manhattan
6710,6900,2,2,1196,4,0,0,0,Midtown West,Manhattan
9647,2450,2,1,870,5,101,0,0,Central Harlem,Manhattan
7425,4400,1,1,750,2,30,1,0,Flatiron,Manhattan
9744,3895,1,1,650,27,16,0,0,Midtown East,Manhattan
1888,5260,2,2,1139,5,30,0,0,Upper West Side,Manhattan
2339,7500,2,2,1214,15,88,0,0,Upper East Side,Manhattan
5174,5495,1,1,1000,7,86,0,0,Midtown West,Manhattan
2784,2595,1,1,600,4,116,0,0,Upper West Side,Manhattan
3073,5500,1,1,1000,4,116,0,0,Chelsea,Manhattan
7594,5000,1,1,550,18,89,0,0,Midtown,Manhattan
6367,4150,1,1,640,14,9,1,0,Upper East Side,Manhattan
7285,3100,1,1,575,5,86,0,0,Midtown West,Manhattan
4421,3995,1,1,589,11,7,0,0,Upper West Side,Manhattan
35,3875,1,1,653,14,18,1,1,Upper West Side,Manhattan
6517,7000,2,1,1350,6,108,0,0,Greenwich Village,Manhattan
2212,3775,1,1,609,12,4,0,0,Midtown West,Manhattan
8710,10500,3,2,3000,7,86,0,0,East Village,Manhattan
5393,12000,3,2,1982,20,10,1,1,Upper West Side,Manhattan
10701,2750,0,1,546,6,52,0,0,Midtown East,Manhattan
8551,6800,1,2,1233,6,52,1,1,Tribeca,Manhattan
3578,3700,2,1,900,4,87,0,0,Financial District,Manhattan
7688,3167,0,1,675,2,47,0,0,Financial District,Manhattan
8629,3775,1,1,632,30,41,0,0,Upper East Side,Manhattan
8897,3495,2,1,631,1,102,1,0,Upper West Side,Manhattan
2224,2900,2,2,1200,3,86,0,0,Washington Heights,Manhattan
4625,3805,1,1,698,3,14,0,0,Upper West Side,Manhattan
10293,5950,1,1,988,33,9,0,0,Midtown,Manhattan
4201,8500,3,2,2000,18,56,0,0,Upper East Side,Manhattan
6261,6806,2,2,1082,28,16,1,1,Flatiron,Manhattan
5394,3195,1,1,800,6,56,0,0,Upper East Side,Manhattan
7892,10600,3,3,1749,23,2,0,0,Upper East Side,Manhattan
6254,3300,0,1,500,2,86,0,0,Greenwich Village,Manhattan
10090,2950,0,1,585,17,34,1,0,Financial District,Manhattan
1745,2995,1,1,670,10,28,1,1,Midtown West,Manhattan
10494,5300,1,1,960,7,106,0,0,Chelsea,Manhattan
2197,4400,2,2,927,31,32,0,0,Midtown East,Manhattan
9854,3100,0,1,602,8,15,1,1,Midtown East,Manhattan
4023,3990,1,2,1000,24,18,1,0,Upper East Side,Manhattan
9411,2499,0,1,367,11,112,1,0,Financial District,Manhattan
1438,4695,2,1,900,3,51,0,0,Flatiron,Manhattan
1654,7100,2,2,1900,4,116,0,0,Soho,Manhattan
789,5600,2,2,850,21,31,0,0,Flatiron,Manhattan
1838,2400,0,1,550,1,85,1,0,Midtown East,Manhattan
8219,4195,1,1,885,14,60,0,0,Upper East Side,Manhattan
1012,5450,2,2,1070,32,9,1,1,Midtown West,Manhattan
10785,3300,0,1,538,7,11,1,1,Tribeca,Manhattan
9463,3405,1,1,591,14,14,0,0,Midtown West,Manhattan
1537,12000,2,2,2027,3,156,1,1,Greenwich Village,Manhattan
661,5800,2,2,1200,25,32,1,1,Midtown East,Manhattan
858,7995,1,1,990,12,53,0,0,Upper East Side,Manhattan
6790,1700,0,1,350,1,96,0,0,Upper East Side,Manhattan
1714,3900,0,1,698,21,8,1,0,Financial District,Manhattan
5998,2595,1,1,800,2,93,0,0,Upper West Side,Manhattan
9401,3465,1,1,804,3,55,0,0,Upper East Side,Manhattan
1852,2550,2.5,1,1000,4,115,0,0,Central Harlem,Manhattan
2144,3500,1,1,600,32,28,1,1,Midtown West,Manhattan
2965,6300,2,2,1207,47,9,0,0,Midtown West,Manhattan
5168,4500,0,1,850,3,13,1,1,Soho,Manhattan
5741,3395,0,1,474,15,11,1,0,Upper West Side,Manhattan
5316,14000,2,2,1814,5,101,0,0,Tribeca,Manhattan
859,6900,2,2,1800,43,41,1,0,Midtown East,Manhattan
10506,3505,1,1,754,4,17,0,0,Upper West Side,Manhattan
11329,2975,0,1,587,3,52,0,0,Tribeca,Manhattan
9805,2100,2,1,500,3,106,0,0,Upper East Side,Manhattan
4410,9000,2,2,1578,10,10,0,0,Midtown East,Manhattan
710,8500,2,2,1459,4,1,0,0,Chelsea,Manhattan
8565,5995,1,2,970,2,124,0,0,West Village,Manhattan
6301,3700,1,1,655,8,29,1,1,Upper West Side,Manhattan
8912,6000,1,1,945,7,84,1,0,Upper West Side,Manhattan
2256,16000,3,3,2195,19,2,0,0,Midtown East,Manhattan
7257,2050,1,1,900,2,106,0,0,Central Harlem,Manhattan
8566,3150,1,1,575,11,86,0,0,Midtown West,Manhattan
9062,5018,1,1,737,3,6,0,0,East Village,Manhattan
1809,5900,1,1,811,31,5,0,0,Battery Park City,Manhattan
5668,3025,0,1,515,10,14,0,0,Upper West Side,Manhattan
10358,3600,3,1,1050,4,101,0,0,Central Harlem,Manhattan
5505,4585,1,1,900,5,52,0,0,Tribeca,Manhattan
1,3500,1,1,850,18,54,0,0,Upper West Side,Manhattan
4068,2500,0,1,400,2,90,0,0,Financial District,Manhattan
1449,3500,1,1,710,10,37,0,0,Midtown East,Manhattan
3613,2950,1,1,700,2,6,0,0,Midtown West,Manhattan
9625,6200,2,2,1002,19,14,0,0,Upper East Side,Manhattan
4414,7700,2,2,1546,43,27,1,1,Midtown East,Manhattan
2481,6000,2,2,1280,11,29,0,0,Upper West Side,Manhattan
3519,2300,1,1,500,2,116,0,0,East Village,Manhattan
5366,5200,2,1,823,4,3,0,0,Midtown West,Manhattan
3018,10950,3,3,1749,24,2,0,0,Upper East Side,Manhattan
2435,7243,2,2,1231,18,16,0,0,Flatiron,Manhattan
8518,3100,2,1,700,4,115,0,0,Midtown West,Manhattan
3632,2450,2,1,900,2,96,1,1,Upper East Side,Manhattan
6005,3500,1,1,600,81,114,0,0,Upper West Side,Manhattan
1556,5600,1,1,800,4,86,1,0,West Village,Manhattan
4700,3000,1,0,526,4,45,0,0,Upper West Side,Manhattan
10922,2250,0,1,400,2,54,0,0,Midtown East,Manhattan
4010,3853,0,1,464,30,13,0,0,Flatiron,Manhattan
1000,5250,1,1,850,11,93,0,0,Upper East Side,Manhattan
8801,2925,1,1,650,6,31,0,0,Battery Park City,Manhattan
893,3500,1,1,700,23,9,1,0,Midtown West,Manhattan
2260,3900,1,1,719,23,15,0,0,Financial District,Manhattan
2520,2700,0,1,466,7,10,1,0,Upper West Side,Manhattan
8298,2299,1,1,700,3,86,1,0,Midtown East,Manhattan
3963,3495,1,1,708,11,30,1,1,Upper East Side,Manhattan
6555,5995,3,2,1417,9,6,0,0,Central Harlem,Manhattan
3176,20000,2,2,2200,2,5,1,1,Tribeca,Manhattan
681,5200,1,1,691,29,7,1,1,Midtown,Manhattan
3807,6000,1,1,802,48,6,0,0,Financial District,Manhattan
10093,1899,0,1,350,2,96,0,0,East Village,Manhattan
2225,3575,1,1,735,5,85,0,0,Financial District,Manhattan
9311,2495,2,1,800,2,116,0,0,East Harlem,Manhattan
568,6400,2,2,1024,2,0,0,0,Midtown West,Manhattan
8334,3395,1,1,700,33,27,1,1,Midtown East,Manhattan
6466,3500,0,1,550,7,1,0,0,Tribeca,Manhattan
11192,11600,2,3,1665,10,52,0,0,Tribeca,Manhattan
10220,7300,2,2,1167,2,3,0,0,East Village,Manhattan
6135,3325,1,1,607,9,15,0,0,Upper West Side,Manhattan
4338,3995,1,1,602,2,2,0,0,Gramercy Park,Manhattan
9368,3000,1,1,650,7,50,1,1,Midtown East,Manhattan
2871,3050,0,1,484,7,33,0,0,Battery Park City,Manhattan
3997,3392,1,1,769,6,47,0,0,Upper West Side,Manhattan
8842,4865,1,1,697,19,13,0,0,Flatiron,Manhattan
11335,5890,1,1,752,28,6,0,0,Chelsea,Manhattan
2492,3555,1,1,600,5,99,1,1,Upper West Side,Manhattan
3308,7800,4,2,1900,9,91,0,0,Upper West Side,Manhattan
5197,3645,1,1,811,1,55,0,0,Upper East Side,Manhattan
1336,10500,3,3,2100,12,33,0,0,Midtown East,Manhattan
2488,3200,0,1,462,5,28,1,1,Midtown West,Manhattan
2338,8350,3,3,1436,12,27,1,0,Upper East Side,Manhattan
2888,2350,0,1,367,2,112,1,0,Financial District,Manhattan
5589,8800,2,2,1612,17,15,1,0,Midtown East,Manhattan
10438,3543,0,1,523,12,29,0,0,Chelsea,Manhattan
511,17500,3,3,3016,39,34,0,0,Midtown East,Manhattan
10497,4200,0,1,567,6,7,1,1,Chelsea,Manhattan
1539,3995,1,1,938,6,180,0,0,Financial District,Manhattan
11215,8500,2,2,1807,23,88,1,1,Financial District,Manhattan
7232,10500,2,2,1460,9,75,1,1,Central Park South,Manhattan
2491,4000,1,1,764,12,39,0,0,Midtown East,Manhattan
4643,2750,1,1,800,4,75,0,0,Upper East Side,Manhattan
1406,10500,3,3,1500,25,20,0,0,Upper East Side,Manhattan
1929,3750,1,1,817,32,13,1,0,Midtown South,Manhattan
437,4950,3,1,850,3,86,0,0,Midtown South,Manhattan
6778,4968,2,2,948,21,30,0,0,Upper East Side,Manhattan
1139,4000,1,1,874,9,12,1,1,Upper West Side,Manhattan
2913,2100,0,1,350,4,116,0,0,East Village,Manhattan
8759,2495,0,1,400,33,37,0,0,Midtown,Manhattan
7180,4100,3,1,1100,6,52,0,0,Midtown East,Manhattan
10790,6750,2,2,1589,10,15,0,0,Midtown East,Manhattan
9492,2600,0,1,441,8,60,0,0,Midtown East,Manhattan
6565,9850,3,3,2100,17,87,0,0,Chelsea,Manhattan
7864,4100,1,1,690,9,1,0,0,Midtown East,Manhattan
634,5795,1,1,626,8,2,0,0,East Village,Manhattan
732,7000,3,2,1500,11,30,1,0,Upper East Side,Manhattan
5488,7600,2,2,1325,42,8,1,1,Financial District,Manhattan
1542,11900,3,2,2305,37,102,0,0,Financial District,Manhattan
7599,3181,0,1,581,16,44,0,0,Financial District,Manhattan
7739,8000,2,2,1250,15,13,0,0,Midtown East,Manhattan
8692,20000,4,4,2160,18,9,1,0,Upper East Side,Manhattan
7924,3650,0,1,520,8,17,0,0,Flatiron,Manhattan
4874,6000,4,2,1700,5,96,0,0,Midtown West,Manhattan
9937,4450,1,1,985,10,37,0,0,Upper East Side,Manhattan
4958,2295,2,1,700,6,86,0,0,Washington Heights,Manhattan
3275,4055,1,1,818,7,47,0,0,Financial District,Manhattan
6475,3795,2,1,900,8,102,0,0,Midtown South,Manhattan
7028,3750,1,1,500,4,156,0,0,Greenwich Village,Manhattan
6468,4000,0,1,500,8,76,0,0,Central Park South,Manhattan
9269,3900,1,1,640,8,7,0,0,Tribeca,Manhattan
2287,6000,1,1,962,9,10,0,0,Chelsea,Manhattan
4919,2595,1,1,500,4,106,0,0,Lower East Side,Manhattan
5794,12750,2,2,1736,4,101,0,0,Tribeca,Manhattan
9717,3350,0,1,585,6,85,0,0,Greenwich Village,Manhattan
6736,2650,0,1,500,10,13,0,0,Financial District,Manhattan
9170,3000,0,1,525,11,9,1,1,Upper East Side,Manhattan
999,4500,1,1,700,27,34,0,0,Midtown East,Manhattan
5600,3500,1,1,650,29,29,1,1,Midtown,Manhattan
1887,9995,4,3,1900,4,89,0,0,Upper West Side,Manhattan
2162,12999,2,2,1990,4,9,0,0,Chelsea,Manhattan
1855,3100,1,1,654,18,42,0,0,Upper East Side,Manhattan
3812,4200,4,2,1400,2,106,0,0,Washington Heights,Manhattan
3163,14000,3,3,1959,38,17,1,0,Upper East Side,Manhattan
8821,14000,2,2,1543,7,9,1,0,Upper West Side,Manhattan
8211,2999,0,1,560,9,9,0,0,Midtown East,Manhattan
2048,19950,2,2,2750,10,11,1,1,West Village,Manhattan
10740,4850,1,1,706,8,9,0,0,Upper West Side,Manhattan
9301,5800,1,1,811,29,5,0,0,Battery Park City,Manhattan
9730,2195,1,1,500,2,106,1,1,Lower East Side,Manhattan
9986,3060,0,1,515,9,14,1,0,Upper West Side,Manhattan
2137,2125,1,1,475,1,115,0,0,Central Harlem,Manhattan
8248,1750,0,1,600,2,106,0,0,Upper East Side,Manhattan
4706,4200,0,1,625,4,106,0,0,Greenwich Village,Manhattan
1161,3600,3,1,800,6,96,1,1,Upper West Side,Manhattan
4175,6900,2,2,1300,23,88,1,1,Financial District,Manhattan
3986,6000,2,1,1100,11,35,0,0,Upper East Side,Manhattan
9131,3195,1,1,700,1,41,0,0,Midtown East,Manhattan
6684,3690,1,1,802,15,33,0,0,Battery Park City,Manhattan
9984,2775,0,1,342,15,89,1,0,Upper West Side,Manhattan
10739,4395,1,1,692,14,19,0,0,Upper East Side,Manhattan
6362,6815,2,2,1100,30,30,0,0,Upper East Side,Manhattan
4254,2150,0,1,450,1,106,0,0,Upper West Side,Manhattan
6711,3800,1,1,718,16,9,1,1,Gramercy Park,Manhattan
7681,3000,1,1,667,1,88,0,0,Upper East Side,Manhattan
8416,3550,0,1,500,4,30,0,0,Greenwich Village,Manhattan
193,6400,2,3,1226,15,15,0,0,Upper West Side,Manhattan
9968,2370,1,1,600,2,106,0,0,Midtown West,Manhattan
8161,2550,0,1,409,2,66,0,0,Chelsea,Manhattan
1078,5500,1,1,765,25,38,0,0,Midtown West,Manhattan
4650,4695,1,1,754,5,11,1,1,Tribeca,Manhattan
10290,5200,1,1,800,6,10,0,0,Chelsea,Manhattan
10676,2900,0,1,530,11,52,0,0,Greenwich Village,Manhattan
8087,3100,1,1,550,3,106,1,1,Upper West Side,Manhattan
8231,3130,1,1,594,15,18,0,0,Upper West Side,Manhattan
3882,8750,2,2,1472,6,12,1,1,Upper East Side,Manhattan
3640,5500,1,1,1000,3,116,0,0,East Village,Manhattan
6551,3200,2,1,900,5,116,1,1,Central Harlem,Manhattan
1469,4050,1,1,826,21,29,1,0,Financial District,Manhattan
925,10500,3,2,1865,4,96,0,0,Chelsea,Manhattan
2546,6900,2,2,1049,2,4,0,0,Flatiron,Manhattan
10074,2325,0.5,1,500,2,96,0,0,Midtown East,Manhattan
2568,3900,1,1,850,21,30,1,0,Midtown East,Manhattan
8471,5200,2,2,1141,14,30,0,0,Upper West Side,Manhattan
5527,2300,0,1,475,4,54,1,1,Midtown East,Manhattan
8364,4363,1,1,620,2,29,0,0,Chelsea,Manhattan
11034,6500,2,2,1100,14,29,0,0,Upper East Side,Manhattan
493,4362,1,1,982,20,85,0,0,Financial District,Manhattan
1998,2895,1,1,650,19,36,0,0,Midtown East,Manhattan
4090,4000,1,1,700,23,31,1,0,Flatiron,Manhattan
3639,5500,1,1,1180,20,15,0,0,Midtown East,Manhattan
9996,4350,1,1,723,3,92,1,0,Upper West Side,Manhattan
7052,3960,0,1,640,9,52,0,0,Tribeca,Manhattan
3206,12000,2,2,1865,6,122,1,0,Tribeca,Manhattan
1708,5995,2,2,1206,19,120,1,1,Financial District,Manhattan
6121,3557,1,1,621,5,4,0,0,Midtown West,Manhattan
9809,1832,2,1,800,4,96,0,0,East Harlem,Manhattan
1470,5300,1,1,776,42,6,0,0,Midtown South,Manhattan
7847,3140,0,1,525,8,16,0,0,Chelsea,Manhattan
8675,15000,2.5,2,2350,4,89,0,0,Chelsea,Manhattan
2648,3710,0,1,577,20,16,0,0,Chelsea,Manhattan
3786,3375,1,1,850,2,90,0,0,Midtown West,Manhattan
815,3500,1,1,700,2,96,0,0,Soho,Manhattan
9216,2650,0,1,459,5,18,1,1,Upper West Side,Manhattan
9759,3995,2,1,704,8,28,0,0,Nolita,Manhattan
4574,9995,3,2,1132,7,2,0,0,East Village,Manhattan
10152,4895,1,1,876,11,51,0,1,Flatiron,Manhattan
9812,6800,2,2,1200,36,41,0,0,Upper East Side,Manhattan
181,9200,2,2,1434,55,38,1,0,Midtown West,Manhattan
7574,3930,1,1,710,17,15,0,0,Financial District,Manhattan
79,5495,1,2,966,25,10,1,1,Midtown East,Manhattan
9095,9000,1,1,1521,4,1,0,0,Chelsea,Manhattan
7849,2855,0,1,482,9,17,0,0,Upper West Side,Manhattan
3412,2595,1,1,600,5,116,0,0,Upper West Side,Manhattan
9713,9500,1,1,1026,11,101,0,0,Flatiron,Manhattan
3439,4895,2,2,1000,21,42,1,1,Upper East Side,Manhattan
2412,3995,1,1,930,21,34,0,0,Financial District,Manhattan
6915,4500,1,1,715,9,16,1,1,Chelsea,Manhattan
1851,13800,3,3,1702,9,89,0,0,Upper West Side,Manhattan
10621,2875,0,1,512,10,52,0,0,Midtown East,Manhattan
7550,3150,1,1,875,3,86,1,0,Upper West Side,Manhattan
10155,11500,3,3,1750,5,8,0,0,Upper East Side,Manhattan
1623,1950,2,1,594,5,106,0,0,East Harlem,Manhattan
2623,2695,0,1,355,3,0,0,0,Midtown East,Manhattan
11276,3500,1,1,712,6,12,0,0,Midtown East,Manhattan
10522,13250,3,3,1726,9,8,0,0,Upper West Side,Manhattan
8105,8375,4,3,1735,20,52,0,0,Upper East Side,Manhattan
2171,2000,0,1,350,2,86,1,0,Midtown West,Manhattan
1307,3600,2,2,1164,4,12,0,0,Central Harlem,Manhattan
9579,4885,1,1,880,11,16,0,0,Midtown East,Manhattan
8900,7800,2,2,1186,8,5,0,0,Battery Park City,Manhattan
205,8975,3,3,1750,44,15,1,0,Midtown East,Manhattan
2867,14900,3,3,2095,5,9,0,0,Chelsea,Manhattan
658,4000,1,1,1000,3,48,0,0,Midtown East,Manhattan
10527,1999,0,1,450,4,96,0,0,Hamilton Heights,Manhattan
10877,4090,1,1,710,29,15,0,0,Financial District,Manhattan
197,4500,1,1,800,3,96,0,0,West Village,Manhattan
1475,2750,0,1,485,5,28,1,1,Midtown West,Manhattan
9178,2200,1,1,750,5,96,0,0,Washington Heights,Manhattan
3742,2628,0,1,425,12,41,0,0,Midtown East,Manhattan
10144,4200,3,1,1000,4,106,0,0,Midtown West,Manhattan
2736,3700,1,1,765,10,30,1,1,Upper East Side,Manhattan
8817,3500,1,1,670,15,9,1,1,Midtown West,Manhattan
6658,4480,1,1,642,2,5,0,0,Chelsea,Manhattan
2618,5995,2,2,1200,13,87,1,1,Financial District,Manhattan
10478,2195,1,1,450,5,81,0,0,Midtown East,Manhattan
1146,3500,1,1,765,14,19,0,0,Upper West Side,Manhattan
6159,5000,2,2,915,11,15,0,0,Upper West Side,Manhattan
8350,1525,0,1,305,9,55,0,0,Central Harlem,Manhattan
9446,7500,1,2,1400,2,96,1,0,Greenwich Village,Manhattan
9578,8250,2,2,1157,5,19,0,0,West Village,Manhattan
9715,3000,0,1,500,43,86,1,0,Financial District,Manhattan
170,4950,1,1,899,39,30,1,1,Upper East Side,Manhattan
2624,2570,0,1,265,7,0,0,0,Midtown East,Manhattan
4723,3850,1,1,575,5,106,0,0,West Village,Manhattan
8011,2650,0,1,386,29,29,0,0,Midtown West,Manhattan
4838,5750,2,2,1280,5,31,0,0,Upper West Side,Manhattan
11044,4100,1,1,789,12,9,1,0,Upper West Side,Manhattan
2973,3712,1,2,1201,3,108,1,1,Lower East Side,Manhattan
11267,6495,2,2,1152,52,6,0,0,Financial District,Manhattan
3671,2300,0,1,417,5,30,1,0,Upper East Side,Manhattan
8653,2650,0.5,1,430,11,85,0,0,Financial District,Manhattan
5027,6400,3,2,1500,7,29,0,0,Nolita,Manhattan
11029,3700,1,1,732,10,87,1,0,Financial District,Manhattan
2057,4750,1,1,679,8,10,0,0,Midtown East,Manhattan
7263,3825,1,1,800,7,9,0,0,Upper West Side,Manhattan
8589,3195,1,1,482,28,85,0,0,Financial District,Manhattan
4126,7995,2,2,1300,15,56,1,1,West Village,Manhattan
195,3850,0,1,667,4,8,0,0,Battery Park City,Manhattan
744,3200,1,1,600,6,106,0,0,East Village,Manhattan
2301,5000,5,3,1800,4,87,0,0,Washington Heights,Manhattan
5081,8900,2,2,1547,10,86,1,1,Tribeca,Manhattan
9274,4650,0,1,705,4,116,0,0,Financial District,Manhattan
4504,3090,0,1,494,3,54,0,0,Upper East Side,Manhattan
1047,9900,2,2,1690,37,13,0,0,Battery Park City,Manhattan
9684,1795,1,1,800,4,79,0,0,Inwood,Manhattan
7336,4620,2,2,829,16,15,0,0,Financial District,Manhattan
5290,4705,1,1,635,16,0,0,0,Midtown South,Manhattan
2539,3500,1,1,700,2,86,1,1,Upper West Side,Manhattan
9650,3600,2,2,1100,5,8,1,1,Central Harlem,Manhattan
1657,3500,1,1,530,5,55,1,1,Greenwich Village,Manhattan
2738,4450,0,1,666,2,89,1,0,Central Park South,Manhattan
8583,3850,2,1,800,3,53,0,0,Midtown West,Manhattan
758,3600,1,1,663,8,37,1,1,Upper West Side,Manhattan
5546,4637,1,1,633,3,16,0,0,Chelsea,Manhattan
7983,1995,1,1,600,3,116,0,0,Midtown West,Manhattan
2388,2995,1,1,750,13,42,1,1,Upper East Side,Manhattan
6032,2500,0,1,400,7,86,0,0,Midtown West,Manhattan
6193,2150,2,1,700,2,102,0,0,Hamilton Heights,Manhattan
9506,6700,2,3,1292,15,15,0,0,Upper West Side,Manhattan
4458,4100,2,1,900,15,91,0,0,Upper West Side,Manhattan
4025,3810,1,1,708,11,71,1,1,Stuyvesant Town/PCV,Manhattan
588,8550,2,2,1318,7,11,1,1,Upper East Side,Manhattan
9750,3850,1,1,840,3,52,0,0,Midtown East,Manhattan
8002,2750,0,1,650,2,76,0,0,East Village,Manhattan
1869,1995,1,1,825,5,91,0,0,Inwood,Manhattan
4361,3800,2,1,900,9,87,0,0,Midtown East,Manhattan
2847,4300,1,1,766,14,9,1,0,Midtown East,Manhattan
5181,3095,2,2,1100,5,3,0,0,Inwood,Manhattan
3552,5500,1,2,1100,5,116,0,0,Chelsea,Manhattan
4349,4000,1,1,673,8,19,0,0,Upper West Side,Manhattan
6525,5000,2,1,785,18,4,0,0,Midtown West,Manhattan
11273,10200,1,2,1881,14,52,1,1,Tribeca,Manhattan
966,3195,2,1,785,11,28,0,0,Central Harlem,Manhattan
10498,4600,1,1,900,17,78,1,1,Upper West Side,Manhattan
5645,1850,0,1,560,4,121,0,0,Upper East Side,Manhattan
3601,3300,1,1,642,8,29,0,0,Midtown West,Manhattan
10708,5995,1,1,855,26,8,1,1,Flatiron,Manhattan
7750,7100,2,2,1200,16,14,0,0,Battery Park City,Manhattan
2403,6950,2,2,1150,5,11,0,0,Battery Park City,Manhattan
238,3195,0,1,600,10,29,1,1,Upper East Side,Manhattan
298,8750,2,2,1875,15,88,0,0,Upper East Side,Manhattan
345,1995,1,1,625,1,96,0,0,Washington Heights,Manhattan
930,5300,3,2,1200,5,43,0,0,Upper East Side,Manhattan
990,4400,2,1,1070,8,51,1,0,Upper East Side,Manhattan
8352,1975,1,1,595,14,55,0,0,Central Harlem,Manhattan
1423,5000,2,2,1013,30,43,0,0,Midtown East,Manhattan
5245,7995,2,2,1279,3,13,1,0,Soho,Manhattan
2966,3400,1,1,760,4,31,1,0,Upper West Side,Manhattan
3130,6995,3,2,1677,7,116,0,0,Financial District,Manhattan
10730,6850,3,2,3000,2,106,0,0,Central Harlem,Manhattan
648,12500,3,3,2133,15,31,0,0,Battery Park City,Manhattan
7079,3675,1,1,702,12,85,0,0,Upper West Side,Manhattan
2855,9075,2,2,1800,6,116,0,0,Chelsea,Manhattan
7013,4370,1,1,822,9,31,1,1,Battery Park City,Manhattan
10446,4000,1,1,766,14,25,0,0,Upper West Side,Manhattan
635,6200,2,2,1325,15,8,0,0,Financial District,Manhattan
5427,3490,1,1,610,10,41,0,0,Midtown East,Manhattan
3896,3885,1,1,837,4,17,0,0,Upper West Side,Manhattan
10371,3260,0,1,576,9,19,0,0,Midtown West,Manhattan
1051,6750,2,2,1267,9,11,1,1,Midtown East,Manhattan
1955,11995,3,2,1951,11,86,1,0,Tribeca,Manhattan
3501,2995,0,1,500,3,53,0,0,Greenwich Village,Manhattan
4488,3910,1,1,709,19,16,0,0,Midtown East,Manhattan
6561,3800,2,1,1100,3,96,0,0,Upper East Side,Manhattan
9855,10650,2,2,1372,15,47,1,0,Upper West Side,Manhattan
2027,6800,2,2,1100,14,31,0,0,Upper East Side,Manhattan
819,7350,2,2,1100,8,92,0,0,Upper West Side,Manhattan
7893,5250,1,1,915,3,2,0,0,Upper East Side,Manhattan
370,2700,1,1,700,2,116,1,1,Upper West Side,Manhattan
10977,2495,0,1,650,3,106,1,0,Gramercy Park,Manhattan
2971,5400,1,1,1000,6,116,1,1,East Village,Manhattan
530,8000,2,2,1152,51,6,0,0,Financial District,Manhattan
2373,7900,2,2,1286,3,2,0,0,Midtown East,Manhattan
4573,3625,1,1,650,14,51,0,0,Midtown West,Manhattan
7928,5500,1,1,835,21,52,0,0,Tribeca,Manhattan
4805,7500,2,2,1025,4,2,0,0,Gramercy Park,Manhattan
332,6495,2,2,1500,23,90,1,0,Financial District,Manhattan
10136,5972,2.5,2,1420,16,52,0,0,Upper East Side,Manhattan
2074,15000,5,4,2860,42,28,0,1,Upper East Side,Manhattan
4759,3120,1,1,574,9,99,0,0,Upper West Side,Manhattan
9895,4595,1,1,902,6,7,0,0,Upper West Side,Manhattan
10609,3475,1,1,574,9,39,0,0,Midtown East,Manhattan
7833,6495,2,2,1309,10,92,1,1,Upper East Side,Manhattan
10378,3480,1,1,620,28,39,0,0,Upper East Side,Manhattan
2158,2250,0,1,500,3,87,0,0,Midtown East,Manhattan
2544,2000,1,1,580,1,76,0,0,Central Harlem,Manhattan
3643,7995,3,2,1000,5,116,0,0,East Village,Manhattan
3851,4800,3,2,1450,3,116,0,0,Central Harlem,Manhattan
405,3595,1,1,650,17,14,0,0,Upper East Side,Manhattan
8985,8500,2,1,1300,3,101,0,0,West Village,Manhattan
6717,1750,0,1,400,3,106,0,0,Upper East Side,Manhattan
4310,5500,1,1,1180,6,15,0,0,Midtown East,Manhattan
2995,3800,1,1,800,11,104,0,0,Upper West Side,Manhattan
1458,5395,1,1,747,27,6,0,0,Chelsea,Manhattan
5076,6150,3.5,2,2000,5,96,0,0,Upper West Side,Manhattan
6217,14500,2,2,1433,56,12,1,1,Upper West Side,Manhattan
116,7895,2,2,1629,25,11,0,0,Midtown,Manhattan
6672,3695,1,1,671,7,19,0,0,Midtown West,Manhattan
6483,4116,1,1,586,20,16,1,1,Flatiron,Manhattan
167,3545,1,1,650,15,30,0,0,Upper West Side,Manhattan
1515,4700,1,1,800,32,11,0,0,Midtown West,Manhattan
1528,4200,1,1,768,43,9,1,0,Midtown West,Manhattan
10452,2795,2,2,1100,5,77,0,0,Washington Heights,Manhattan
5420,4150,3,2,1000,3,106,0,0,Upper East Side,Manhattan
220,3400,2,1,750,4,106,0,0,Upper East Side,Manhattan
1693,3200,1,1,600,6,106,0,0,Upper East Side,Manhattan
7446,3287,0,1,470,15,19,0,0,Upper West Side,Manhattan
10148,1600,1,1,850,4,105,0,0,Hamilton Heights,Manhattan
7825,2500,0,1,600,18,26,1,1,Tribeca,Manhattan
2997,6900,2,2,1250,44,9,1,1,Midtown West,Manhattan
375,4935,1,1,685,2,5,0,0,Chelsea,Manhattan
3195,3700,1,1,666,10,19,0,0,Midtown West,Manhattan
1159,13300,3,2,1840,4,106,0,0,Tribeca,Manhattan
6395,3100,1,1,500,4,106,1,1,Upper West Side,Manhattan
4389,6350,1,1,947,40,47,1,0,Upper West Side,Manhattan
2542,4600,1,1,1101,7,88,1,0,Financial District,Manhattan
8369,3500,1,1,589,40,43,0,0,Midtown East,Manhattan
8715,2400,0,1,444,26,29,1,1,Upper East Side,Manhattan
4236,3553,1,1,668,38,16,1,1,Midtown West,Manhattan
1364,7995,2,1,1200,5,116,1,0,Soho,Manhattan
3347,2600,0,1,550,3,30,1,0,Battery Park City,Manhattan
9248,3342,0,1,618,9,47,0,0,Financial District,Manhattan
564,18000,3,3,2145,46,6,1,1,Midtown South,Manhattan
8840,5875,1,1,744,52,6,0,0,Chelsea,Manhattan
8204,10500,2,2,1212,20,2,0,0,Gramercy Park,Manhattan
6463,3495,0,1,450,21,17,0,0,Flatiron,Manhattan
11241,6200,3,2,1500,7,29,0,0,Nolita,Manhattan
3553,9000,3,2,1616,8,8,0,0,Midtown West,Manhattan
8611,5220,2,2,1085,18,17,0,0,Upper West Side,Manhattan
5067,4006,1,1,573,36,16,0,0,Flatiron,Manhattan
4487,2945,0,1,532,32,44,0,0,Midtown East,Manhattan
175,2250,1,1,600,5,111,0,0,Upper East Side,Manhattan
4402,2100,0,1,400,3,96,0,0,Midtown East,Manhattan
3055,2670,1,1,668,4,1,0,0,East Harlem,Manhattan
945,4748,1,1,693,29,16,1,1,Flatiron,Manhattan
6657,3395,1,1,626,6,14,0,0,Midtown West,Manhattan
2246,7500,1,1,1200,8,31,1,0,East Village,Manhattan
11302,3750,1,1,666,3,88,0,0,Upper West Side,Manhattan
9109,7295,3,2,1202,21,28,1,1,Battery Park City,Manhattan
5514,3940,0,1,490,39,6,1,1,Chelsea,Manhattan
10211,8500,3,3,1465,7,7,0,0,Midtown West,Manhattan
8795,5995,2,2,1200,1,56,0,0,Upper East Side,Manhattan
2360,2745,0,2,342,10,89,1,1,Upper West Side,Manhattan
4155,7000,1,2,1753,31,102,0,0,Financial District,Manhattan
5371,4170,2,1,950,20,22,0,0,Upper East Side,Manhattan
5905,2400,0,1,450,3,96,0,0,Midtown South,Manhattan
6368,5150,2,2,1050,2,11,0,0,Midtown West,Manhattan
1379,2495,1,1,550,3,89,1,1,Financial District,Manhattan
760,3405,0,1,532,34,44,0,0,Midtown East,Manhattan
1205,5400,1,1,793,10,10,0,0,Chelsea,Manhattan
4470,6995,3,2,1700,7,51,0,0,Upper East Side,Manhattan
4179,5850,2,2,1150,10,10,0,0,Battery Park City,Manhattan
7386,4147,2,2,710,3,45,0,0,Upper West Side,Manhattan
2804,3500,1,1,701,39,11,0,0,Upper East Side,Manhattan
3329,5315,2,2,1065,10,28,0,0,Upper West Side,Manhattan
1079,5250,1,1,888,20,11,0,0,Midtown,Manhattan
2641,5000,1,2,950,6,84,0,0,Chelsea,Manhattan
7518,5900,2,2,1650,3,51,0,0,Upper East Side,Manhattan
3873,7150,2,2,1295,2,92,1,0,Upper East Side,Manhattan
10809,2900,1,1,520,10,8,0,0,Chinatown,Manhattan
11266,7500,2,2,1235,9,13,0,0,Midtown East,Manhattan
4719,7500,1,1,1092,62,33,0,0,Midtown,Manhattan
817,4300,1,1,850,54,9,0,0,Midtown West,Manhattan
438,3700,0,1,511,9,9,0,0,Flatiron,Manhattan
10640,2795,2,1,900,3,86,1,0,Upper East Side,Manhattan
10569,2300,0.5,1,550,15,12,0,0,Roosevelt Island,Manhattan
4895,3750,1,1,699,15,15,0,0,Midtown West,Manhattan
10780,3000,1,1,450,4,29,0,0,Midtown West,Manhattan
11235,2562,0,1,273,8,0,0,0,Midtown East,Manhattan
4949,3500,1,1,766,15,29,0,0,Upper East Side,Manhattan
8755,9500,3,3,2000,8,100,0,0,Upper West Side,Manhattan
9901,3150,1,1,590,5,113,0,0,Financial District,Manhattan
3441,1550,1,1,450,5,102,0,0,Washington Heights,Manhattan
2621,2900,1,1,488,18,103,0,0,Midtown South,Manhattan
3142,6900,2,2,1270,25,33,0,0,Midtown East,Manhattan
1341,9500,3,3,1722,20,19,0,0,Upper West Side,Manhattan
2843,13000,3,3,1851,42,25,0,0,Upper East Side,Manhattan
10299,8595,3,2,1293,11,19,1,0,Upper East Side,Manhattan
8045,6750,2,2,1500,7,91,1,1,Upper West Side,Manhattan
1121,9000,3,2,2000,6,94,0,0,Midtown,Manhattan
4676,13500,4,3,2404,3,31,1,0,Battery Park City,Manhattan
1491,2800,0,1,518,8,60,1,1,Midtown East,Manhattan
8421,4895,2,1,925,10,53,0,0,Upper West Side,Manhattan
9024,6245,2,2,1080,29,13,0,0,Chelsea,Manhattan
9571,6200,2,2,1012,4,8,0,0,East Village,Manhattan
4051,3103,0,1,557,7,47,0,0,Financial District,Manhattan
8361,5800,3,2,1500,15,96,0,0,Midtown South,Manhattan
5677,3300,3,2,1100,2,96,0,0,Washington Heights,Manhattan
3547,5300,2,2,997,30,43,0,0,Midtown East,Manhattan
3506,4575,1,1,728,22,35,0,0,Midtown East,Manhattan
5892,9950,2,2,1316,11,115,0,0,Upper East Side,Manhattan
8114,4000,2,2,847,6,86,0,0,Upper West Side,Manhattan
11140,3600,1,1,650,5,55,1,0,Greenwich Village,Manhattan
414,4050,2,1,887,2,86,0,0,Lower East Side,Manhattan
10177,3600,2,1,940,5,116,0,0,Financial District,Manhattan
3660,3635,1,1,732,4,16,0,0,Midtown West,Manhattan
5988,9000,2,2,1736,3,101,0,0,Tribeca,Manhattan
6086,2600,1,1,650,15,106,0,0,East Village,Manhattan
5664,4995,2,1,1100,15,49,0,0,Midtown East,Manhattan
6941,2400,0,1,508,5,30,1,0,Upper East Side,Manhattan
1981,5995,1,1,947,8,2,0,0,Midtown East,Manhattan
6840,5495,2,2,1000,5,88,0,0,Upper West Side,Manhattan
1095,4850,2,2,1100,2,60,0,1,Midtown East,Manhattan
3988,7000,1,1,708,56,6,0,0,Financial District,Manhattan
8805,2500,0,1,550,8,55,0,0,Upper West Side,Manhattan
8745,3500,2,1,936,5,116,1,1,Central Harlem,Manhattan
11040,4500,1,1,900,5,89,0,0,Upper West Side,Manhattan
270,9500,3,3,1815,4,2,0,0,Tribeca,Manhattan
1715,9000,2,2,1500,2,96,1,1,Soho,Manhattan
775,3800,1,1,700,6,96,0,0,Gramercy Park,Manhattan
4256,14995,3,3,3119,6,11,1,1,Upper East Side,Manhattan
9354,2395,1,1,650,2,116,0,0,Midtown West,Manhattan
9603,5225,1,1,767,21,8,0,0,Midtown South,Manhattan
10138,5700,4,1,1200,2,116,0,0,East Village,Manhattan
4102,5500,2,1,1100,8,34,1,1,Midtown East,Manhattan
6791,2850,0,1,432,7,66,0,0,Midtown West,Manhattan
5506,3395,1,0,800,12,89,0,0,Upper West Side,Manhattan
4894,3795,1,1,733,22,15,0,0,Midtown West,Manhattan
6737,2950,1,1,600,2,101,1,1,Upper East Side,Manhattan
10526,2650,0,1,610,2,57,0,0,Midtown East,Manhattan
7120,2700,0,1,400,22,26,0,0,Midtown East,Manhattan
5260,5995,2,1,900,16,55,0,0,Greenwich Village,Manhattan
7206,5950,3,2,1200,2,92,1,1,Midtown East,Manhattan
801,6200,2,2,1200,42,28,1,1,Upper East Side,Manhattan
4275,5800,3,2,1160,7,37,0,0,Midtown East,Manhattan
3178,2775,0,1,599,10,13,0,0,Financial District,Manhattan
8701,3950,1,1,700,4,43,1,1,Chelsea,Manhattan
313,20000,3,3,2783,35,2,0,0,Flatiron,Manhattan
1435,11000,4,3,2095,5,94,1,0,Upper West Side,Manhattan
6686,5310,2,2,1157,25,33,0,0,Battery Park City,Manhattan
10171,4915,1,1,753,18,44,1,1,Midtown East,Manhattan
9587,2995,2,1,800,5,86,1,1,Midtown East,Manhattan
1382,13995,2,2,1674,10,89,0,0,Tribeca,Manhattan
2901,5500,3,2,1300,5,75,0,0,Upper West Side,Manhattan
1682,3200,1,1,650,4,106,0,0,Upper West Side,Manhattan
5344,3725,1,2,629,16,18,0,0,Upper West Side,Manhattan
6313,5461,2,1,1075,17,47,1,0,Financial District,Manhattan
8363,4355,2,1,710,5,15,0,0,Financial District,Manhattan
5573,2950,1,1,540,5,30,1,0,Battery Park City,Manhattan
8681,2390,0,1,490,4,86,1,1,Midtown East,Manhattan
4178,2850,1,1,600,3,89,0,0,Upper East Side,Manhattan
6871,4850,2,2,950,4,96,0,0,Upper West Side,Manhattan
7956,4275,2,2,1063,1,18,0,0,Battery Park City,Manhattan
4027,2100,0,1,550,9,55,0,0,Upper West Side,Manhattan
8267,3500,1,1,780,17,54,0,0,Upper East Side,Manhattan
2956,3220,0,1,585,20,17,0,0,Upper West Side,Manhattan
9597,2500,2,1,800,4,106,0,0,East Harlem,Manhattan
3839,2650,0,1,500,5,59,0,0,Midtown West,Manhattan
10828,3100,0,1,520,23,14,0,0,Midtown South,Manhattan
2721,4400,1,1,606,53,6,1,1,Financial District,Manhattan
1730,2100,0.5,1,575,1,116,1,1,Upper East Side,Manhattan
2,4200,1,1,809,14,91,0,0,Upper East Side,Manhattan
11303,3350,1,1,1086,5,108,0,0,Lower East Side,Manhattan
10800,3995,1,1,870,3,52,0,0,Midtown East,Manhattan
4897,4250,1,1,721,44,15,1,1,Midtown West,Manhattan
3008,3750,1,1,599,19,15,0,0,Tribeca,Manhattan
2929,3400,0.5,1,669,22,29,0,0,Financial District,Manhattan
715,3350,0,1,620,9,29,1,0,Upper West Side,Manhattan
3672,2750,1,1,600,6,57,0,0,Midtown East,Manhattan
6719,4100,1,1,763,11,31,1,1,Battery Park City,Manhattan
6342,5750,2,2,1300,3,57,0,0,Upper East Side,Manhattan
2417,8995,2,2,1684,5,11,1,1,Soho,Manhattan
8125,2950,0,1,567,5,7,0,0,Chelsea,Manhattan
5889,13000,3,3,2100,8,21,0,0,Upper West Side,Manhattan
8753,6900,4,2,1600,9,33,1,0,Midtown East,Manhattan
9771,2695,1,1,650,1,56,0,0,Upper East Side,Manhattan
3286,8900,2,2,1292,15,38,0,0,Midtown West,Manhattan
1152,3497,0,1,471,19,4,0,0,Midtown West,Manhattan
5012,5995,1,1,1069,6,116,1,1,Midtown East,Manhattan
5293,10000,2,2,1448,5,9,1,0,Upper East Side,Manhattan
9063,2712,3,1,900,4,115,0,0,West Harlem,Manhattan
6775,2250,0,1,370,10,112,0,0,Financial District,Manhattan
10971,1995,0,1,600,1,91,0,0,Midtown West,Manhattan
